CompanyName,CompanyNumber,PostTown,CompanyStatus,CountryOfOrigin,IncorporationDate
! LTD,8209948,LEEDS,Active,United Kingdom,11/09/2012
!BIG IMPACT GRAPHICS LIMITED,7382019,LONDON,Active,United Kingdom,21/09/2010
!K7 TOURING LIMITED,8937297,POTTERS BAR,Active,United Kingdom,13/03/2014
!NFERNO LTD.,4753368,LONDON,Active,United Kingdom,03/05/2003
!NSPIRED LTD,SC421617,ABERDEEN,Active,United Kingdom,11/04/2012
!NVERTD DESIGNS LIMITED,9152972,STEPPINGLEY,Active,United Kingdom,30/07/2014
!OBAC LIMITED,FC031362,ST PETER PORT,Active,CHANNEL ISLANDS,30/11/2012
!OBAC UK LIMITED,7687209,STANSTED AIRPORT,Active,United Kingdom,29/06/2011
!YOZO FASS LIMITED,2714021,BROCKLEY,Active,United Kingdom,12/05/1992
"""1 C O LIMITED""",3811958,TONBRIDGE,Active,United Kingdom,22/07/1999
"""2 ECOUTE"" LIMITED",6439541,SURREY,Active,United Kingdom,28/11/2007
"""243 RUGBY ROAD MANAGEMENT COMPANY LIMITED""",5914136,BIRMINGHAM,Active,United Kingdom,23/08/2006
"""309"" WEST END LANE MANAGEMENT LIMITED",2943302,LONDON,Active,United Kingdom,28/06/1994
"""A LITTLE BIT DIFFERENT"" LIMITED",8878402,BARNSLEY,Active,United Kingdom,05/02/2014
"""A TASTE OF TUSCANY"" LTD",6473722,HERTFORDSHIRE,Active,United Kingdom,15/01/2008
"""A"" ADVISORY LLP",OC355684,LONDON,Active,United Kingdom,15/06/2010
"""A"" CERAMICS LIMITED",4494986,OLDHAM,Active,United Kingdom,25/07/2002
"""A"" CONCEPT LIMITED",2537158,LONDON,Active,United Kingdom,05/09/1990
"""A"" TRAFFIC SOLUTION LTD",5852396,SOUTHEND-ON-SEA,Liquidation,United Kingdom,20/06/2006
"""A-Z-ENGINEERS LONDON"" LTD",9025577,"LONDON,MITCHAM",Active,United Kingdom,06/05/2014
"""A.B.J.Z DRIVER HIRE "" LTD",9151627,PLYMOUTH,Active,United Kingdom,29/07/2014
"""A.K.WELDING SERVICE"" LTD",8981806,TELFORD,Active,United Kingdom,07/04/2014
"""AA LOGISTIKS"" LIMITED",9478701,LONDON,Active,United Kingdom,09/03/2015
"""AGAD"" ADVERTISING CORPORATION LTD.",9465805,SLOUGH,Active,United Kingdom,02/03/2015
"""AJA PROPERTY DEVELOPMENT LTD""",5651002,MIDDLESEX,Active,United Kingdom,12/12/2005
"""ALL WRAPPED UP"" EVENTS MANAGEMENT LTD",SC313991,EDINBURGH,Active,United Kingdom,03/01/2007
"""ALTAI CASHMERE"" LLC",FC027187,KHAN-UUL DISTRICT,Active,MONGOLIA,14/06/2006
"""AND BREATHE"" LTD",9008930,BOSTON,Active,United Kingdom,24/04/2014
"""APOLLO'S BAR"" LIMITED",9044937,BASILDON,Active,United Kingdom,16/05/2014
"""ARTHUR BALFOUR"",CONSERVATIVE WORKING MEN'S CLUB LIMITED",IP10067R,,Active,United Kingdom,01/01/1981
"""AS I HAVE LOVED YOU"" LIMITED",8181359,LONDON,Active,United Kingdom,16/08/2012
"""AUTOCONTEX"" AUTOMOBIL CONTAINER EXPRESS GMBH",FC018262,,Active,WEST GERMANY,01/11/1994
"""B"" COOL LIMITED",5318740,LOUGHBOROUGH,Active,United Kingdom,21/12/2004
"""BACHELORS"" LIMITED(THE)",807672,SURREY,Liquidation,United Kingdom,03/06/1964
"""BAMEX"" ZAKLAD PRODUKCYJNO-HANDLOWY",FC015324,RAYNERS LANE,Active,POLAND,11/12/1989
"""BE"" NEWHALL MANAGEMENT COMPANY LIMITED",7326397,HEMEL HEMPSTEAD,Active,United Kingdom,27/07/2010
"""BEDE INVESTMENT PROPERTIES LIMITED""",2871100,,Active,United Kingdom,12/11/1993
"""BEECHBANK COURT"" MANAGEMENT COMPANY LIMITED",1382560,NORFOLK,Active,United Kingdom,07/08/1978
"""BELLE-VUE ENTERPRISES 2006"" LIMITED",5982472,KINGS LYNN,Active,United Kingdom,30/10/2006
"""BELLE-VUE"" ENTERPRISES LIMITED",4427981,KINGS LYNN,Active,United Kingdom,30/04/2002
"""BELLINGHAM FOODS"" LTD.",8990431,LONDON,Active,United Kingdom,10/04/2014
"""BESPOKE INVESTMENT TRADING"" LTD",9375192,LONDON,Active,United Kingdom,06/01/2015
"""BMCIC"" S.A.R. LTD",8907502,HOVE,Active,United Kingdom,24/02/2014
"""BNY"" LIMITED",8481242,LONDON,Active,United Kingdom,09/04/2013
"""BRYANSTON SCHOOL"",INCORPORATED",226143,DORSET,Active,United Kingdom,26/11/1927
"""BUDMEL"" COMPANY LTD",FC025469,,Active,POLAND,21/09/2004
"""BUG THUGS"" LTD",6563806,LONDON,Active,United Kingdom,14/04/2008
"""C & A"" PROPERTY LTD",SC498971,GLASGOW,Active,United Kingdom,26/02/2015
"""C"" PIECES LTD.",3686502,WETHERBY,Active,United Kingdom,21/12/1998
"""CANNON CHAMBERS"" 17 CANNON PLACE MANAGEMENT LIMITED",2076454,LONDON,Active,United Kingdom,21/11/1986
"""CARTREF NI"" LIMITED",2591631,"ST ASAPH,DENBIGH",Active,United Kingdom,14/03/1991
"""CHANNING HOUSE""INCORPORATED HIGHGATE",63121,HIGHGATE,Active,United Kingdom,27/07/1899
"""CNOC NA RI"" DEVELOPMENTS LIMITED",NI059358,OMAGH,Active,United Kingdom,16/05/2006
"""CONNECTIONS"" PRIVATE HIRE LIMITED",5223164,MARSTON GREEN,Active,United Kingdom,06/09/2004
"""COOK WITH ME"" LIMITED",9388058,LONDON,Active,United Kingdom,14/01/2015
"""COOL"" POOLS & SPAS LIMITED",5299972,POWYS,Active,United Kingdom,30/11/2004
"""D"" CAR WASH LIMITED",5210908,LONDON,Active,United Kingdom,20/08/2004
"""D&C TRANSPORT AND LOGISTIC LIMITED",9480612,DARTFORD,Active,United Kingdom,10/03/2015
"""D&L GLOBALE"" LTD",9476553,BRIGHTON,Active,United Kingdom,07/03/2015
"""DAMI.MB"" LTD",9102217,LONDON,Active,United Kingdom,25/06/2014
"""DAYS"" FINANCIAL SERVICES LIMITED",5371857,HAILSHAM,Active - Proposal to Strike off,United Kingdom,22/02/2005
"""DEAR CHILD"" LIMITED",8997941,LONDON,Active,United Kingdom,15/04/2014
"""DOBRO"" CONSTRUCTION LTD",9266750,LONDON,Active,United Kingdom,16/10/2014
"""DON'T TOUCH THAT DIAL"" LIMITED",3202405,BRISTOL,Liquidation,United Kingdom,22/05/1996
"""DUKE OF WELLINGTON"" (HIGH BRIDGE) LIMITED",829173,SUNBURY-ON-THAMES,Active,United Kingdom,27/11/1964
"""E-FASHIONS UK-BD"" LIMITED",8598894,LONDON,Active,United Kingdom,05/07/2013
"""EL AL"" ISRAEL AIRLINES LIMITED",FC004087,ZIP 70100,Active,ISRAEL,01/01/1993
"""EMPEROR DIVERS"" FOR DIVING ACTIVITIES",FC025868,HURGHADA,Active,EGYPT,04/03/2005
"""EVANS-PUGHE STRINGS OF HITCHIN"" LTD.",3294578,LETCHWORTH GARDEN CITY,Active,United Kingdom,19/12/1996
"""F"" LUXURY WORLD LTD",7517700,LONDON,Active,United Kingdom,04/02/2011
"""F.H.GREENAWAY""",LP002617,,Active,United Kingdom,01/01/1981
"""FIRST LEADER (UK) LIMITED""",1941022,LONDON,Active,United Kingdom,21/08/1985
"""FIVE TOWNS PLUS"" HOSPICE FUND LIMITED(THE)",1797810,PONTEFRACT,Active,United Kingdom,07/03/1984
"""FRANKA""(COUTURE BOUTIQUE)LIMITED",863777,HARROW,Active,United Kingdom,10/11/1965
"""FROST"" ASBESTOS REMOVAL LIMITED",877770,ROCHFORD,Active,United Kingdom,26/04/1966
"""GENTLY DOES IT"" CARE SERVICES LIMITED",9297001,CHICHESTER,Active,United Kingdom,05/11/2014
"""GET CARTER"" PRIVATE HIRE LIMITED",8831617,WISBECH,Active,United Kingdom,03/01/2014
"""GRENDON COURT"" TEIGNMOUTH MANAGEMENT COMPANY LIMITED",1952156,TORQUAY,Active,United Kingdom,02/10/1985
"""GREYFRIARS BULGARIA"" LTD.",FC028914,REFER TO PARENT REGISTRY,Active,BULGARIA,01/07/2006
"""H.A.R.D.T."" GROUP GMBH",FC025624,,Active,AUSTRIA,01/07/2004
"""HAL"" BAITS LIMITED",9504114,NN18 8DW,Active,United Kingdom,23/03/2015
"""HEIGHTS"" (MANAGEMENT) NO 2 LIMITED(THE)",851579,BECKENHAM,Active,United Kingdom,14/06/1965
"""HIGH LIMITED"" LIMITED",8529234,LONDON,Active,United Kingdom,14/05/2013
"""HOTEL PLATENGARTEN"" LIMITED",6833350,BIRMINGHAM,Active,United Kingdom,02/03/2009
"""I&GM COMPANY"" LTD",8283517,MORDEN,Active,United Kingdom,06/11/2012
"""IF YOUR NAMES NOT DOWN"" PROTECTION AND SECURITY SERVICES LIMITED",7866300,LONDON,Active,United Kingdom,30/11/2011
"""INTOUCH COMMUNICATION SERVICES"" LIMITED",3606467,ILFORD,Active,United Kingdom,29/07/1998
"""IPPOKRATES"" MEDICAL SERVICES LIMITED",8834169,CHESTER LE STREET,Active,United Kingdom,07/01/2014
"""ISLAND CONCERTS""",2683032,NEWPORT,Active,United Kingdom,31/01/1992
"""ITRESIDENT""",LP010300,LONDON,Active,United Kingdom,19/03/2005
"""J.D.""INSULATING COMPANY LIMITED",275795,,Active,United Kingdom,11/05/1933
"""JAPA"" PAPER PRODUCTS LIMITED",76342,BRADFORD,Liquidation,United Kingdom,10/02/1903
"""JOHNNIE"" JOHNSON DEVELOPMENTS LIMITED",3895031,STOCKPORT,Active,United Kingdom,15/12/1999
"""JOHNNIE"" JOHNSON HOUSING TRUST LIMITED",IP19198R,,Active,United Kingdom,01/01/1981
"""K"" LAUNDRY LIMITED",226797,RAMSGATE,Active,United Kingdom,22/12/1927
"""K"" LINE (EUROPE) LIMITED",5639474,LONDON,Active,United Kingdom,29/11/2005
"""K"" LINE BULK SHIPPING (UK) LIMITED",4830352,LONDON,Active,United Kingdom,11/07/2003
"""K"" LINE HEAVY LIFT (UK) LIMITED",6165964,LONDON,Active,United Kingdom,16/03/2007
"""K"" LINE HOLDING (EUROPE) LIMITED",5005018,LONDON,Active,United Kingdom,31/12/2003
"""K"" LINE LNG SHIPPING (UK) LIMITED",5356484,LONDON,Active,United Kingdom,08/02/2005
"""K"" LINE LOGISTICS (UK) LIMITED",2318517,FELTHAM,Active,United Kingdom,17/11/1988
"""KARELEAN COURT"" MANAGEMENT COMPANY LIMITED",1852173,WESTBURY ON TRYM,Active,United Kingdom,03/10/1984
"""KASPI BANK"" JOINT STOCK COMPANY",FC026103,LONDON,Active,KAZAKHSTAN,25/04/2005
"""KYOKO LTD"" LTD",9182488,BARNET,Active,United Kingdom,19/08/2014
"""LADY FAIR"" (LLANDUDNO) LIMITED",805326,COLWYN BAY,Active,United Kingdom,14/05/1964
"""LANDLIMES"" LIMITED",376571,,Active,United Kingdom,09/10/1942
"""LEGAL SERVICE ONLYWAY"" LTD",8491764,LONDON,Active,United Kingdom,16/04/2013
"""LIGHTS, CAMERA, ACTION!"" FILMS LTD",8861700,SUTTON COLDFIELD,Active,United Kingdom,27/01/2014
"""LIMITED COMPANY"" LIMITED",1287877,EXMOUTH,Active,United Kingdom,25/11/1976
"""LITTLE WORLD"" LIMITED",1731859,ROSSENDALE,Active,United Kingdom,14/06/1983
"""LMBS"" LIGHTING MAINTENANCE BUILDING SERVICES",SL005343,GLASGOW,Active,United Kingdom,05/10/2004
"""LYNDALE"" KNOWSLEY CANCER SUPPORT CENTRE LIMITED",2184955,"MERSEYSIDE,L36 7XG",Active,United Kingdom,29/10/1987
"""LYNWOOD HOUSE"" MANAGEMENT LIMITED",1814054,GODSTONE,Active,United Kingdom,04/05/1984
"""LYTEZE""PRODUCTS LIMITED",316970,COLCHESTER,Active,United Kingdom,29/07/1936
"""M-SHINE"" CLEANING SERVICE LIMITED",SC412218,ABERDEEN,Active,United Kingdom,28/11/2011
"""MAGNOLIA COURT RESIDENTS"" COMPANY LIMITED",2407980,WHETSTONE,Active,United Kingdom,25/07/1989
"""MEGABUC"" - U.K. LTD",3343403,SURREY,Active,United Kingdom,02/04/1997
"""MON. - BUR. 1012"" LLP",OC379173,LONDON,Active,United Kingdom,10/10/2012
"""MONTY"" CLUB LIMITED",IP08937R,,Active,United Kingdom,01/01/1981
"""MOTOPARTNERS"" - AUTOKOMIS LTD",9074241,OXFORD,Active,United Kingdom,06/06/2014
"""MY TIME"" @ OASIS (ESSEX) COMMUNITY INTEREST COMPANY",7341704,HADLEIGH,Active,United Kingdom,10/08/2010
"""N"" NUTRITION LIMITED",9470248,WITNEY,Active,United Kingdom,04/03/2015
"""N.F.GREENAWAY""",LP002618,,Active,United Kingdom,01/01/1981
"""NATANDR "" LTD",9194037,BLYTH,Active,United Kingdom,29/08/2014
"""NATURA"" POLISH ARTISAN BAKERY LTD",8001015,HARROW,Active,United Kingdom,22/03/2012
"""NEED2SELL, WANT2BUY PROPERTY UK"" LIMITED",8054603,ENFIELD,Active,United Kingdom,02/05/2012
"""NEIL'S PARTY"" LIMITED",4402508,HAYWARDS HEATH,Active,United Kingdom,25/03/2002
"""NEW IMAGES"" AT PENYLAN COUNTRY LODGE LLP",OC307979,NEWPORT,Active,United Kingdom,12/05/2004
"""O"" HUB LIMITED",SC302036,EDINBURGH,Liquidation,United Kingdom,08/05/2006
"""O"" RINGS LIMITED",1030234,CHICHESTER,Active,United Kingdom,08/11/1971
"""OFF THE PAGE"" LIMITED",4635689,DRY DRAYTON,Active,United Kingdom,13/01/2003
"""OFF THE RECORD"" YOUTH COUNSELLING CROYDON",2987817,SURREY,Active,United Kingdom,08/11/1994
"""OLD QUARRIES"" RESIDENTS LIMITED",3093541,MAIDENHEAD,Active,United Kingdom,21/08/1995
"""ONE BRITAIN ONE NATION"" OBON COMMUNITY INTEREST COMPANY",8558863,KEIGHLEY,Active,United Kingdom,06/06/2013
"""OODLES"" FANCY DRESS LIMITED",6552664,MANSFIELD,Active,United Kingdom,02/04/2008
"""OPREAN""- S.R.L.",FC026108,ALBA COUNTY,Active,ROMANIA,01/07/2005
"""OUR HOME IN BORDEAUX"" UK LIMITED",7909447,LONDON,Active,United Kingdom,13/01/2012
"""OUR SIMPLE NETWORKS"" LIMITED",8778469,CARDIFF,Active - Proposal to Strike off,United Kingdom,18/11/2013
"""P.& B.""ENGINEERING COMPANY LIMITED",263728,MANCHESTER,Active,United Kingdom,21/03/1932
"""PA"" ACCESS LIMITED",3905718,EASTBOURNE,Active,United Kingdom,13/01/2000
"""PALLET SMART"" LTD",8942813,BRISTOL,Active,United Kingdom,17/03/2014
"""PARK SMART"" LTD",8829463,LIVERPOOL,Active,United Kingdom,02/01/2014
"""PARKS""  ICECREAM FRANCHISE LIMITED",6991687,BLACKPOOL,Active,United Kingdom,14/08/2009
"""PERFECTCLEAN"" LIMITED",8888354,CHICHESTER,Active,United Kingdom,12/02/2014
"""PHOENIX"" MANAGEMENT COMPANY LIMITED",3242800,LONDON,Active,United Kingdom,28/08/1996
"""POLIMEX-MOSTOSTAL"" SPOLKA AKCYJNA",FC029035,REFER TO PARENT REGISTRY,Active,POLAND,09/04/2009
"""PURPLE EMPEROR"" LTD",3079224, UPLYME,Active,United Kingdom,12/07/1995
"""Q"" (CHESTER GREEN) MANAGEMENT COMPANY LIMITED",6383456,CAMBRIDGE,Active,United Kingdom,27/09/2007
"""Q"" CLUBS LIMITED",1727580,NORTH EAST LINCOLNSHIRE,Active - Proposal to Strike off,United Kingdom,31/05/1983
"""R TWO-D TWO"" LTD",3831919,BILLINGHAM,Active,United Kingdom,26/08/1999
"""R"" BUILDERS LIMITED",7051447,BRISTOL,Active,United Kingdom,21/10/2009
"""R.S. MCCOLL (U.K.) LIMITED"".",1024564,BRENTWOOD,Active,United Kingdom,17/09/1971
"""RATIONAL"" BUILT-IN KITCHENS (U.K.) LIMITED",1216051,PURLEY,Active,United Kingdom,13/06/1975
"""REALTY"" THE LONDON PROPERTY BROKERS LIMITED",1816008,,Active,United Kingdom,14/05/1984
"""RED BAND"" CHEMICAL COMPANY, LIMITED",SC016876,EDINBURGH,Active,United Kingdom,25/06/1932
"""REDEMPTORIS MATER"" HOUSE OF FORMATION",2965770,,Active,United Kingdom,07/09/1994
"""REGIONALNOYE"" JOINT-STOCK COMPANY",FC029502,ALMATY,Active,KAZAKHSTAN,08/03/2010
"""RICE & SPICE (LUTON)"" LIMITED",8283125,HARPENDEN,Active,United Kingdom,06/11/2012
"""RICHARDSON & ASSOCIATES"" INDEPENDENT FINANCIAL AND MORTGAGE SERVICES LIMITED",5179519,SUNDERLAND,Active,United Kingdom,14/07/2004
"""ROCKIN' ON HEAVENS DOOR"" LIMITED",3811309,HUNSTANTON,Active,United Kingdom,21/07/1999
"""ROMFORD"" MODEL LIMITED",409621,ROMFORD,Active,United Kingdom,02/05/1946
"""ROSECROFT"" SOCIAL CLUB LIMITED",IP08400R,,Active,United Kingdom,01/01/1981
"""ROYAL CHARTER"" MANAGEMENT LIMITED",2371681,HOLYHEAD,Active,United Kingdom,13/04/1989
"""S"" CONSTRUCTION CO. LIMITED",1180216,BUCKS,Active,United Kingdom,08/08/1974
"""SCOPE"" EXPERT RESEARCH & CONSULTANCY/ INTERPRETING & TRANSLATION LTD",9279447,BIRMINGHAM,Active,United Kingdom,24/10/2014
"""SCRIBES"" (SOUTH WEST) C.I.C.",5903530,ILFRACOMBE,Active,United Kingdom,11/08/2006
"""SDN LIMITED"" LTD",9345191,ROCHESTER,Active,United Kingdom,08/12/2014
"""SHENGRANGE"" LIMITED",1067475,LONDON,Active,United Kingdom,23/08/1972
"""SIENIAS"" MAINTENANCE AND BUILDING SERVICE LTD.",SC465584,GLASGOW,Active - Proposal to Strike off,United Kingdom,10/12/2013
"""SKELBKITES""ADVERTISING LIMITED",7766848,LONDON,Active,United Kingdom,08/09/2011
"""SOBRIETY"" PROJECT LIMITED(THE)",1496333,EAST YORKSHIRE,Active,United Kingdom,12/05/1980
"""SOMERSET COURT"" (HAMPTON) RESIDENTS ASSOCIATION LIMITED",899832,TEDDINGTON,Active,United Kingdom,06/03/1967
"""SOUTHLANDS"" SELF-BUILD HOUSING ASSOCIATION LIMITED",IP16717R,,Active,United Kingdom,01/01/1981
"""SPECTRUM TRAINING""",3047327,LONDON,Active,United Kingdom,19/04/1995
"""ST MARY'S HEATH"" AT ARMTHORPE PROPERTY MANAGEMENT LIMITED",5424123,BARNSLEY,Active,United Kingdom,14/04/2005
"""ST. EDMUND'S HALL"" (MANAGEMENT COMPANY) KINGSBRIDGE LIMITED",2396957,TOTNES,Active,United Kingdom,20/06/1989
"""STANISLAVK AVIATION"" LTD",SC494102,PRESTWICK,Active,United Kingdom,29/12/2014
"""STREONSHALH"" WHITBY LIMITED",1636551,WHITBY,Active,United Kingdom,19/05/1982
"""SUNMAR HOUSE""",LP002738,,Active,United Kingdom,01/01/1981
"""SYLENTA"" PROPERTIES LIMITED",641164,CHATHAM,Active,United Kingdom,03/11/1959
"""THE 40'S ROOM"" LTD",4758241,CANNOCK,Active,United Kingdom,09/05/2003
"""THE BEECHES"" GUILDOWN LIMITED",2127973,GUILDFORD,Active,United Kingdom,05/05/1987
"""THE BRAMBLES"", LONGFIELD ROAD,PUDSEY LIMITED",2408030,PUDSEY,Active,United Kingdom,25/07/1989
"""THE CATCH"": ST JAMES CARE PROVISION LTD.",5826114,GLOSSOP,Active,United Kingdom,23/05/2006
"""THE DOCKS"" STUDIOS / RECORDS LTD",9515334,LONDON,Active,United Kingdom,27/03/2015
"""THE GROVE"" ELMCOURT ROAD LIMITED",5180993,BROMLEY,Active,United Kingdom,15/07/2004
"""THE HEIGHTS"" (MANAGEMENT) NO. 1 LIMITED",784285,KENT,Active,United Kingdom,11/12/1963
"""THE HIMALAYA DRUG COMPANY""",FC032256,,Active,LATVIA,01/10/2014
"""THE LARCHES"" MANAGEMENT COMPANY LIMITED",2306031,WEST BYFLEET,Active,United Kingdom,17/10/1988
"""THE LYNCH"" MANAGEMENT LIMITED",2302474,HARLOW,Active,United Kingdom,05/10/1988
"""THE MANOR"" RESIDENTIAL HOME",LP005097,PO2 00SF,Active,United Kingdom,30/04/1996
"""THE WARREN"" HANDCROSS RESIDENTS' ASSOCIATION LIMITED",1654545,HAYWARDS HEATH,Active,United Kingdom,28/07/1982
"""THE WINDSORS"" LIMITED",2505884,LONDON,Active,United Kingdom,25/05/1990
"""TOAST RAC"" LIMITED",9298225,GREATER MANCHESTER,Active,United Kingdom,06/11/2014
"""TOP CHINA"" (UK) INTERNATIONAL MEDIA LTD",9276910,LONDON,Active,United Kingdom,23/10/2014
"""TOURNESOL"" BEN HARGADEN LIMITED",7830103,LIVERPOOL,Active,United Kingdom,01/11/2011
"""TRAVEL CRUISER"" CONCESSIONAIRES LIMITED",1009135,TELFORD,Active,United Kingdom,27/04/1971
"""TRULY SCOTTISH"" LIMITED",SC192653,INVERARAY,Active,United Kingdom,19/01/1999
"""U-SAVE"" D.I.Y. LIMITED",1770784,WEST YORKSHIRE,Liquidation,United Kingdom,17/11/1983
"""U.VAMP"" LTD.",3790062,WEYBRIDGE,Active,United Kingdom,15/06/1999
"""V"" INSTALLATIONS MECHANICAL HANDLING LIMITED",4372047,WARWICKSHIRE,Active,United Kingdom,12/02/2002
"""VARIG"" S.A. (VIACAO AEREA RIO GRANDENSE)",FC005668,RIO GRANDE DO SUL,Liquidation,BRAZIL,19/10/1976
"""VITES"" LTD.",FC018677,CROATIA,Active,CROATIA,19/04/1995
"""VK LOGISTICS LTD"" LIMITED",8646580,LONDON,Active,United Kingdom,12/08/2013
"""WA"" SOLE LIMITED",9007879,SPENNYMOOR,Active,United Kingdom,23/04/2014
"""WAFFLE WAFFLE""",LP011682,NORTHOLT,Active,United Kingdom,06/11/2006
"""WE THE CHANGE"" FOUNDATION",6915649,DALTON IN FURNESS,Active,United Kingdom,26/05/2009
"""WHERE DO I...?"" LIMITED",9272534,LONDON,Active,United Kingdom,21/10/2014
"""WINKWORTH"" ELECTRIC CAR-BELLS,LIMITED",224055,READING,Active,United Kingdom,27/08/1927
"""WITH LOVE"" GIFTS BY LINDA LOU LTD",8833479,MARGATE,Active - Proposal to Strike off,United Kingdom,06/01/2014
"""WONDER YEARS CENTRE OF EXCELLENCE""",4277902,WALSALL,Active,United Kingdom,28/08/2001
"""WORLD TO ME"" LIMITED",SC287325,GLASGOW,Active,United Kingdom,11/07/2005
"""Y"" SALON LIMITED",4656696,NEWCASTLE UPON TYNE,Active,United Kingdom,04/02/2003
"""YES"" CAR RENTAL LTD",7390480,CROMER,Active,United Kingdom,28/09/2010
"""YES"" VAN RENTAL LTD",7390512,CROMER,Active,United Kingdom,28/09/2010
"""YES, DEAR!"" LIMITED",5497979,LONDON,Active,United Kingdom,04/07/2005
"""ZIP-A-DE DOO DAH INCORPORATED"" LIMITED",7219687,SHOREHAM BY SEA,Active,United Kingdom,12/04/2010
#9DREAM LIMITED,1452836,MAIDENHEAD,Active - Proposal to Strike off,United Kingdom,08/10/1979
$ LTD,8209885,LEEDS,Active,United Kingdom,11/09/2012
$$ DEALS $$ LIMITED,8784088,FINCHLEY,Active,United Kingdom,20/11/2013
$$ LIMITED,9461987,WAKEFIELD,Active,United Kingdom,27/02/2015
$.ARE FRIENDS ELECTRIC 2011 LTD,7537316,LONDON,Active,United Kingdom,21/02/2011
$T$ LIMITED,9263406,ENFIELD,Active,United Kingdom,14/10/2014
& ADAM LIMITED,9278661,BOLTON,Active,United Kingdom,24/10/2014
& ALCHEMY MARKETING COMMUNICATIONS LTD,8945953,BOURNEMOUTH,Active,United Kingdom,19/03/2014
& ANOTHER DESIGN LIMITED,8955184,LONDON,Active,United Kingdom,24/03/2014
& BEYOND INTERIORS LIMITED,8905089,SUTTON,Active,United Kingdom,20/02/2014
& BUTTONS LIMITED,6510349,STONE,Active,United Kingdom,20/02/2008
& CAMERON LIMITED,9345970,LONDON,Active,United Kingdom,08/12/2014
& COMMUNICATIONS GROUP LIMITED,8989314,LONDON,Active,United Kingdom,10/04/2014
& COMMUNICATIONS LIMITED,8988753,LONDON,Active,United Kingdom,09/04/2014
& COMPANY IDEAS LIMITED,9043448,RETFORD,Active,United Kingdom,16/05/2014
& DAUGHTER LIMITED,8684770,WIMBORNE,Active,United Kingdom,10/09/2013
& EVENTS LIMITED,8988841,LONDON,Active,United Kingdom,09/04/2014
& FAITH PROPERTY LIMITED,5845459,WARRINGTON,Active,United Kingdom,13/06/2006
& HAIR LIMITED,8206472,WAKEFIELD,Active,United Kingdom,07/09/2012
& HOTELS LIMITED,6076693,HERTFORD,Active,United Kingdom,31/01/2007
& LIVE LIMITED,8988785,LONDON,Active,United Kingdom,09/04/2014
& NEW LIMITED,8697873,LEICESTER,Active,United Kingdom,19/09/2013
& SMITH LIMITED,6508401,LONDON,Active,United Kingdom,19/02/2008
& STUFF NATURALLY LTD,7633780,YORK,Active,United Kingdom,13/05/2011
& SURVEYING LTD,8365246,BEDFORD,Active,United Kingdom,17/01/2013
& THEN ... SOLUTIONS LIMITED,6652231,WOLVERHAMPTON,Active,United Kingdom,21/07/2008
&&& CREATIVE LIMITED,7153865,STRATFORD,Active,United Kingdom,10/02/2010
&&& LIMITED,4971465,LONDON,Active,United Kingdom,20/11/2003
&&& TECHNOLOGY LIMITED,6497540,LONDON,Active,United Kingdom,08/02/2008
&AGENCY LTD,7696247,LONDON,Active,United Kingdom,07/07/2011
&AMP;AMP; LTD,8921585,BRACKNELL,Active,United Kingdom,04/03/2014
&ANDB LTD,8900997,BRISTOL,Active,United Kingdom,18/02/2014
&BEYOND LONDON LTD,8576287,HOVE,Active,United Kingdom,19/06/2013
&BEYOND STUDIO LIMITED,8348897,HARLOW,Active,United Kingdom,07/01/2013
&BLACK LIMITED,8682549,SKIPTON,Active,United Kingdom,09/09/2013
&CO CULTURAL MARKETING COMMUNITY INTEREST COMPANY,8157551,LEEDS,Active,United Kingdom,26/07/2012
&JRMW LIMITED,8005331,BLACKBURN,Active,United Kingdom,26/03/2012
&MEETINGS LIMITED,7398845,GATWICK,Active,United Kingdom,06/10/2010
&SKATE LTD,7213123,BROMLEY,Active,United Kingdom,06/04/2010
&TUR LTD,5719459,READING,Active,United Kingdom,23/02/2006
&WILDER LIMITED,7894293,BILLINGSHURST,Active,United Kingdom,30/12/2011
&YORICK LTD.,8390071,BRIGHTON,Active,United Kingdom,05/02/2013
''IRMANY '' LIMITED,9021023,MANCHESTER,Active,United Kingdom,01/05/2014
''TODOR STAYKOV'' LIMITED,8291177,HATCH END,Active,United Kingdom,13/11/2012
'2=1(UK)',3137448,BEACONSFIELD,Active,United Kingdom,13/12/1995
'45 AID SOCIETY LIMITED,847998,LONDON,Active,United Kingdom,06/05/1965
'5678 LLP,OC383928,BLETCHINGLEY,Active,United Kingdom,02/04/2013
'69 CHEVY LTD,8801077,OXFORD,Active,United Kingdom,03/12/2013
'76 TO PRESENT LIMITED,7386631,LONDON,Active,United Kingdom,24/09/2010
'900 ART GALLERY LTD,7527547,LONDON,Active,United Kingdom,14/02/2011
'A & A' SELF-STORAGE LTD.,3107220,HARROW,Active,United Kingdom,27/09/1995
'A LA HIJAB FASHION LTD,9265066,LONDON,Active,United Kingdom,15/10/2014
'A PIECE OF' LIMITED,7021112,LONDON,Active,United Kingdom,16/09/2009
'A' CAR COMPANY LIMITED,5112676,LIVERPOOL,Active,United Kingdom,26/04/2004
'A' CLEANING COMPANY (YORKSHIRE) LIMITED,7346998,WETHERBY,Active,United Kingdom,16/08/2010
'A' FLIGHT AVIATION LIMITED,SC157855,CLYDEBANK,Active,United Kingdom,04/05/1995
'A' PLUS ACCOUNTANTS LIMITED,4428328,CORBY,Active,United Kingdom,30/04/2002
'A' PUBLISHING COMPANY LIMITED,2686063,TAUNTON,Liquidation,United Kingdom,10/02/1992
'A' RATED EFFICIENCY HEATING & PLUMBING LTD,7405600,ROTHERHAM,Active,United Kingdom,13/10/2010
'A' RECORDINGS LTD,6477864,ST. ALBANS,Active,United Kingdom,21/01/2008
'A' TEAM COVING LTD,7233805,FAREHAM,Active,United Kingdom,23/04/2010
'A1' ARBORISTS LIMITED,6449984,CUMBRIA,Active,United Kingdom,11/12/2007
'ALL ABOARD' SHOPS LIMITED,2571767,EDGWARE,Active,United Kingdom,04/01/1991
'ALLO LANGUAGE SERVICES LIMITED,2473293,UXBRIDGE,Active,United Kingdom,22/02/1990
'ANDON THEATRE LTD,9053654,ILFORD,Active,United Kingdom,23/05/2014
'ANDY SUMERS LIMITED,9294042,LLANDRINDOD WELLS,Active,United Kingdom,04/11/2014
'APPY BEAVER TREE SURGEONS LIMITED,5995588,LONDON,Active - Proposal to Strike off,United Kingdom,10/11/2006
'AVE A BUTCHERS LIMITED,984706,BLACKPOOL,Active,United Kingdom,15/07/1970
'B' FORD AND AFTER SCHOOL CLUB LIMITED,7348424,BARROWFORD,Active,United Kingdom,17/08/2010
'B' SAFE ELECTRICAL SERVICES LIMITED,5152381,CAMBS,Active,United Kingdom,14/06/2004
'BELL MOOR' 1 PORTARLINGTON ROAD MANAGEMENT COMPANY LIMITED,2767371,BOURNEMOUTH,Active,United Kingdom,24/11/1992
'BUILDING' INTEGRATED SERVICES LIMITED,7835499,FAREHAM,Active,United Kingdom,04/11/2011
'C' PRODUCTS HOLDINGS LIMITED,6849410,WOKING,Active,United Kingdom,17/03/2009
'C' PRODUCTS LIMITED,559274,WOKING,Active,United Kingdom,28/12/1955
'CAUSE YOU CAN LTD,7219441,LONDON,Active,United Kingdom,11/04/2010
'CENTRAL MANCHESTER OSTEOPATHY & SPORTS THERAPY LIMITED,8474973,MANCHESTER,Active,United Kingdom,05/04/2013
'CHELSEA COLLEGE UNIVERSITY OF LONDON',RC000110,,Active,United Kingdom,01/01/1981
'CHOICE' RETAIL SUPPORT LTD,8673741,NOTTINGHAM,Active,United Kingdom,03/09/2013
'CLOOTIES KITCHEN' - FAE THE BACK O' BENNACHIE LIMITED,SC454299,INSCH,Active,United Kingdom,11/07/2013
'COD' FELLA'S LIMITED,3447161,LONDON,Active,United Kingdom,09/10/1997
'COSMOLOSSAL CREATIONS' PRODUCTIONS LIMITED,7839472,ROMFORD,Active,United Kingdom,08/11/2011
'D' CASH & CARRY LIMITED,8487237,COVENTRY,Active,United Kingdom,12/04/2013
'DANCING DAISY' CANAL HOLIDAYS LTD,9220115,CHRISTCHURCH,Active,United Kingdom,16/09/2014
'DIO'N PLESIO? CYF,4668912,PWLLHELI,Active,United Kingdom,18/02/2003
'ELC' ENGLISH COURSES LIMITED,8027318,WILLINGDON,Active,United Kingdom,12/04/2012
'ER AND ME LTD,7422545,NANTWICH,Active,United Kingdom,28/10/2010
'ETERNITY'S SUNRISE LTD,7807066,KNARESBOROUGH,Active,United Kingdom,12/10/2011
'GREEN ACRES' ST IVES MANAGEMENT COMPANY LIMITED,7538409,SANDON,Active,United Kingdom,22/02/2011
'GREENLIGHT MEDIA INC' LIMITED,9190529,MANCHESTER,Active,United Kingdom,28/08/2014
'HIRE ONE' LIMITED,4277104,ABERFORD,Active,United Kingdom,28/08/2001
'I AM' SOLUTIONS INC LIMITED,7697916,BIRMINGHAM,Active,United Kingdom,08/07/2011
'I SAY' SUPPORTED LIVING SERVICES LIMITED,7520428,ROCHESTER,Active,United Kingdom,08/02/2011
'I.C.C. DRIVE' LTD,9009954,LONDON,Active,United Kingdom,24/04/2014
'IDE HILL STABLES MANAGEMENT COMPANY LIMITED,8776269,REIGATE,Active,United Kingdom,15/11/2013
'IN THE CHAIR' LTD,9285861,LONDON,Active,United Kingdom,29/10/2014
'IN-PLACE' CARE AND SUPPORT LLP,OC397765,HOLMFIRTH,Active,United Kingdom,26/01/2015
'INVESTMENT INITIATIVES LTD,9218582,ILFORD,Active,United Kingdom,15/09/2014
'J' FREIGHT ENTERPRISES LIMITED,4650683,ROCHDALE,Active,United Kingdom,29/01/2003
'J' FREIGHT INTERNATIONAL LIMITED,2369114,ROCHDALE,Active,United Kingdom,06/04/1989
'J' FREIGHT LIMITED,1796543,ROCHDALE,Active,United Kingdom,02/03/1984
'K' BUILDERS (CONTRACTING) LTD,7456517,CLEVEDON,Active,United Kingdom,01/12/2010
'K' CONTRACTING (BUILDERS) LTD,5317581,CLEVEDON,Active,United Kingdom,20/12/2004
'KILLING LIONEL' FEATURE FILM LIMITED,9289342,UMBERLEIGH,Active,United Kingdom,31/10/2014
'LOADSAMINIS' LLP,OC398705,BURTON-ON-TRENT,Active,United Kingdom,09/03/2015
'MAKING IT BETTER' LIMITED,7499732,LONDON,Active,United Kingdom,20/01/2011
'MEM'S FISH BAR LIMITED,5038237,LONDON,Active,United Kingdom,09/02/2004
'MILES OF TILES' LIMITED,2209151,LEAMINGTON SPA,Voluntary Arrangement,United Kingdom,29/12/1987
'N KAY DISTRIBUTION LTD,9265145,LONDON,Active,United Kingdom,15/10/2014
'NEARBUYS' CONVENIENCE STORES LTD,3352798,CANVEY ISLAND,Active,United Kingdom,15/04/1997
'O' CONNOR FENCING LIMITED,1664263,EGREMONT,Active,United Kingdom,15/09/1982
'O'GARA PROPERTIES UK LIMITED,6454489,MANCHESTER,Active,United Kingdom,17/12/2007
'ON THE EDGE' FUSION YOUTH ORCHESTRA,7887876,BIRMINGHAM,Active,United Kingdom,20/12/2011
'ONE SKIN CLINIC LTD,8944229,LONDON,Active,United Kingdom,18/03/2014
'ORCHIDS' FOSTERING FOR CHILDREN LLP,OC312281,SURREY,Active,United Kingdom,18/03/2005
'ORGANZA' HAIR DESIGN LIMITED,SC234078,ABERDEEN,Active,United Kingdom,12/07/2002
'OUT AND ABOUT' WITH HIGHWAY FARM C.I.C.,7958721,ST. AUSTELL,Active,United Kingdom,21/02/2012
'OUT OF THE BLUE' INTERNATIONAL  TRADING LIMITED,5774262,LONDON,Active,United Kingdom,07/04/2006
'OUT THERE' SUPPORTING FAMILIES OF PRISONERS LIMITED,6239170,MANCHESTER,Active,United Kingdom,08/05/2007
'P' FISHFRYERS LIMITED,912628,,Active,United Kingdom,07/08/1967
'PLANE TRAINING LIMITED,4763606,CROCKHAM HILL,Active,United Kingdom,14/05/2003
'PLATFORM 29' LIMITED,8700915,SOUTHEND ON SEA,Active - Proposal to Strike off,United Kingdom,23/09/2013
'PO'ROPERTIES LTD,8897154,BRAINTREE,Active,United Kingdom,17/02/2014
'PRIVATE MEDICAL PRACTICE' DARIUSZ STANISLAW FAFERA LTD,8752742,LONDON,Active - Proposal to Strike off,United Kingdom,29/10/2013
'Q' ACCOUNTANCY SERVICES LIMITED,2921121,LEEDS,Active,United Kingdom,21/04/1994
'Q' PRACTICAL ELECTRICAL LTD.,4377460,LONDON,Active,United Kingdom,20/02/2002
'R' BUDDY LIMITED,8222874,SHEFFIELD,Active,United Kingdom,20/09/2012
'RASE SOLUTIONS' LIMITED,8560508,SOLIHULL,Active,United Kingdom,07/06/2013
'RIMS ENTERPRISE SOLUTIONS LTD,SC394469,ABERDEEN,Active,United Kingdom,01/03/2011
'ROYAL BLUE' TRANSPORT COMPANY LIMITED,398742,"PYTCHLEY,",Active,United Kingdom,21/09/1945
'SIGH!' BESPOKE DESIGNS LTD,7692235,BASILDON,Active,United Kingdom,04/07/2011
'SIGNALS' ESSEX MEDIA CENTRE LTD.,2277759,COLCHESTER ESSEX,Active,United Kingdom,15/07/1988
'SMILE' HAND CAR WASH LTD,8936036,SANDWICH,Active,United Kingdom,12/03/2014
'STEWART INTEGRATED SYSTEMS' LTD,SC409169,GOREBRIDGE,Active,United Kingdom,11/10/2011
'T OUDE POSTKANTOOR LTD.,8115910,FOLKSTONE,Active,United Kingdom,22/06/2012
'T WIJNVAATJE LTD.,8835976,DONCASTER,Active,United Kingdom,08/01/2014
'THE 1ST CAERGWRLE COMPANY OF THE BOYS BRIGADE LIMITED,7949107,MOLD,Active,United Kingdom,14/02/2012
'THE BARN' CHILDCARE LIMITED,8195677,STOCKTON-ON-TEES,Active,United Kingdom,30/08/2012
'THE LIGHT' (UK) LTD,8281036,SLOUGH,Active,United Kingdom,05/11/2012
'THE OTHER SIDE' LAWNS LTD,9048241,CRAWLEY,Active - Proposal to Strike off,United Kingdom,20/05/2014
'THE OUTFIT' CLOTHING AGENCY LIMITED,8692308,SLOUGH,Active,United Kingdom,16/09/2013
'THE US BARKITCHEN CATERING CO LIMITED,8537578,LIVERPOOL,Active,United Kingdom,21/05/2013
'THE WAVE' MANAGEMENT COMPANY LIMITED,6663148,NEWCASTLE UPON TYNE,Active,United Kingdom,04/08/2008
'THIS SPACE' BUILDING SOLUTIONS LIMITED,8404920,LONDON,Active,United Kingdom,15/02/2013
'THORNBURY MANAGEMENT SERVICES' LIMITED,8780429,BRISTOL,Active,United Kingdom,19/11/2013
'TOC H',RC000619,,Active,United Kingdom,01/01/1981
'V' LINE CARPETS LIMITED,1022904,KIDDERMINSTER,Active,United Kingdom,01/09/1971
'VI' FIRE & SAFETY SERVICES LTD.,6267843,CHELTENHAM,Active,United Kingdom,04/06/2007
'VILLA ROSA' (WESTON-SUPER-MARE) MANAGEMENT COMPANY LIMITED,994704,BRISTOL,Active,United Kingdom,18/11/1970
'WALK IN STYLE' LIMITED,1489621,SHIPLEY,Active,United Kingdom,08/04/1980
'WEE SHRED' LTD,5742536,,Active,United Kingdom,14/03/2006
'WERTARBEIT.LONDON' LIMITED,7211105,WEYBRIDGE,Active,United Kingdom,01/04/2010
'WHY NOT?' SOLUTIONS LTD,8477413,NORTHAMPTON,Active,United Kingdom,08/04/2013
'WILDGROVE SOUTH LTD,9240118,SITTINGBOURNE,Active,United Kingdom,29/09/2014
'WORDS LET LOOSE' LIMITED,8462742,DEREHAM,Active,United Kingdom,26/03/2013
( THE LION'S DEN (TLD ) LTD.,8315563,LONDON,Active,United Kingdom,03/12/2012
(27 EN11 9HU) HOWARD-CLARK FAMILY ESTATE LIMITED,9507283,HODDESDON,Active,United Kingdom,24/03/2015
(A) EMT MEDICAL SERVICES LTD,8439497,ECKINGTON,Active,United Kingdom,11/03/2013
(A) PROPERTY SALES LIMITED,1359445,GLOUCESTER,Active,United Kingdom,22/03/1978
(ADAM) COOPER HOMES LIMITED,4873008,NUNEATON,Active,United Kingdom,20/08/2003
(AQ) LIMITED,3663860,LEEDS,Active,United Kingdom,09/11/1998
(AQ) NETWORKS LIMITED,4250076,LEEDS,Active,United Kingdom,11/07/2001
(B.E.S.T.) BASIC EDUCATION & SUPPLEMENTARY TEACHING ASSOCIATION,1755410,WILTSHIRE,Active,United Kingdom,22/09/1983
(BE)SPOKE DERBY LTD,8127670,ILKESTON,Active,United Kingdom,03/07/2012
(BRACKET) DESIGN LTD.,6134719,LONDON,Active,United Kingdom,02/03/2007
(C) SYSTEMS GLOBAL LTD,9491893,BRIDGWATER,Active,United Kingdom,16/03/2015
(CADUK) THE COMPETENCE ASSESSMENT & DEVELOPMENT CENTRE UK LTD,7629726,TELFORD,Active,United Kingdom,11/05/2011
(CARDIFF) COMMERCIAL WINDOW CLEANERS LTD,5976520,CARDIFF,Active,United Kingdom,24/10/2006
"(CCPT)   CENTRE FOR COUNSELLING, PSYCHOTHERAPY AND TRAINING LTD",7981734,EASTBOURNE,Active - Proposal to Strike off,United Kingdom,08/03/2012
(CGN) CAPITAL GROWTH NETWORK LTD,9041461,LONDON,Active,United Kingdom,15/05/2014
(CHICKEN)SUPREMO CATERING INC LIMITED,SC184114,EDINBURGH,Active,United Kingdom,24/03/1998
(CONGO) E M DRILLING LIMITED,7707707,WALLINGFORD,Active - Proposal to Strike off,United Kingdom,18/07/2011
(CPL SERVICES) CHARLES & PARTNERS LIMITED,7624036,PURLEY,Active,United Kingdom,06/05/2011
(DAWSON) T/A DIAMOND CLEAN LTD,9103886,BIGGLESWADE,Active,United Kingdom,26/06/2014
(DBA) TECHNICAL SERVICES LIMITED,4032347,HUDDERSFIELD,Active,United Kingdom,12/07/2000
(DING ZI )ACUPUNCTURE AND HERBS HEALTHCARE LIMITED,9191405,BISHOP'S STORTFORD,Active,United Kingdom,28/08/2014
(E) EXCLUSIVE LTD,6252079,NEWCASTLE UPON TYNE,Active,United Kingdom,18/05/2007
(E.G.)3 LTD,9107445,MICKLETON,Active,United Kingdom,30/06/2014
(E=) LIMITED,4452645,GLOUCESTERSHIRE,Active,United Kingdom,31/05/2002
(EDL) ENGLISH DEFENCE LEAGUE LIMITED,7678022,DOVER,Active,United Kingdom,22/06/2011
(ELCAP) EAST LANCASHIRE COMMUNTIY ACTION PROJECT LIMITED,6317150,LANCASHIRE,Active,United Kingdom,18/07/2007
(EN)10 (GLOBAL) LIMITED,7607684,LONDON,Voluntary Arrangement,United Kingdom,18/04/2011
(EN)10 LIMITED,7159500,LONDON,Active,United Kingdom,16/02/2010
(ESTABLISHED 1897) DRY CLEANERS LIMITED,9155811,NOTTINGHAM,Active,United Kingdom,31/07/2014
(EZ) REVENUE MANAGEMENT SOLUTIONS LIMITED,4161048,SOLIHULL,Active,United Kingdom,15/02/2001
(FAST.) INTERNATIONAL INC.,FC013920,CT 06497,Active,UNITED STATES,05/01/1987
(GE-RIL-A) ARCHITECTURE AND DESIGN LIMITED,5988273,MAIDSTONE,Active,United Kingdom,03/11/2006
(GMC) GLOBAL MEDIA COMPANY LIMITED,8342754,LONDON,Active,United Kingdom,31/12/2012
(HEART) COLLECTIVE LIMITED,9282629,LONDON,Active,United Kingdom,27/10/2014
(HEART) PRODUCTIONS LIMITED,6132185,LONDON,Active,United Kingdom,01/03/2007
(HIM) HOME IMPROVEMENT MAINTENANCE LIMITED,8648819,NEWCASTLE,Active,United Kingdom,13/08/2013
(HIS) CUMMINGS GLOBAL ASSOCIATES LTD,8775182,LONDON,Active - Proposal to Strike off,United Kingdom,14/11/2013
(HMR2) LIMITED,7860941,BIRMINGHAM,Active - Proposal to Strike off,United Kingdom,25/11/2011
(IBES) GRP INTL BUSINESS AND EDUCATION SERVICES LTD,8869890,LONDON,Active,United Kingdom,30/01/2014
(IECC CARE) INDEPENDENT EXCEL CARE CONSORTIUM LIMITED,8591892,COLCHESTER,Active,United Kingdom,01/07/2013
(IN)TOUCH NETWORK LIMITED,7649435,LONDON,Active,United Kingdom,26/05/2011
(IPC) INDUSTRIAL POWER COOLING LIMITED,3792602,SOLIHULL,Active,United Kingdom,21/06/1999
(JJLR) INVESTMENT CO LTD,9196326,COLWYN BAY,Active - Proposal to Strike off,United Kingdom,30/08/2014
(KISS) KEEP IT STRICTLY SALSA LIMITED LIMITED,9228024,HOUNSLOW,Active,United Kingdom,22/09/2014
(LH) ON THE CASE LTD,8535900,HUDDERSFIELD,Active,United Kingdom,20/05/2013
(LIG) LOMBARDO-INVESTMENT-GRP. LIMITED,5337183,READING,Active,United Kingdom,19/01/2005
(LONDON) DOORS & MORE LIMITED,8041989,LONDON,Active,United Kingdom,23/04/2012
(M E T) MIDDLE EAST TIMES LTD(THE),FC012549,COMMUNICATIONS HOUSE,Active,CANADA,24/08/1984
(M4M) BODY MECHANIX LTD,5997360,CAMBRIDGESHIRE,Active - Proposal to Strike off,United Kingdom,14/11/2006
(MEXES) METALS EXECUTION SERVICES LIMITED,8171261,LONDON,Active,United Kingdom,07/08/2012
(MFIL) MILLENNIUM FINANCE LIMITED,8435794,LONDON,Active,United Kingdom,08/03/2013
(MID) DOTCOM LIMITED,6534666,BRISTOL,Active,United Kingdom,14/03/2008
(MIDOTE) MICRO INFORMATIC DIFFUSION & TECHNOLOGY EXPRESS LIMITED,2184671,MIDDLESEX,Active,United Kingdom,28/10/1987
(MKP) MAINE OFFICE LIMITED,5949902,BUCKINGHAMSHIRE,Active,United Kingdom,28/09/2006
(MY) HR DIRECTOR LTD,9482424,LONDON,Active,United Kingdom,10/03/2015
(NHR) HART RACING MX LTD,7868434,BARNSTAPLE,Active,United Kingdom,02/12/2011
(NO DATA) LIMITED,8456483,BLACKPOOL,Active,United Kingdom,21/03/2013
(PEREIRA) BRAND POWER LTD,3608165,WEST YORKSHIRE,Active,United Kingdom,30/07/1998
(PETS / R / US) LTD.,7726074,"LLANELLI,",Active,United Kingdom,02/08/2011
(PLEASE DESCRIBE) LTD,8129575,BURGESS HILL,Active,United Kingdom,04/07/2012
(PROFAB) HOLDING LIMITED,8855261,ATHERSTONE,Active,United Kingdom,21/01/2014
(RAC) RANDOM ACTS OF KINDNESS LTD,9365247,LONDON,Active - Proposal to Strike off,United Kingdom,23/12/2014
(RADIO) FAVERSHAM FM LIMITED,8760677,SITTINGBOURNE,Active,United Kingdom,04/11/2013
(RAK) RANDOM ACTS OF KINDNESS LTD,9366246,LONDON,Active,United Kingdom,23/12/2014
(RESPONSE) EPR LIMITED,7081588,PETERBOROUGH,Active,United Kingdom,19/11/2009
(S.A.S.) SELECT AUTOMOTIVE SERVICES LIMITED,3459699,ERITH,Active,United Kingdom,03/11/1997
(SES) SCOTIA ENVIRONMENTAL SERVICES LIMITED,SC338634,ALLOA,Active,United Kingdom,29/02/2008
(SMT) MONEY MATTERS LIMITED,5934639,CRAWLEY,Active,United Kingdom,14/09/2006
(SS) RAE PRODUCTIONS LIMITED,7079070,ESSEX,Active,United Kingdom,17/11/2009
(SSC) SECURITY SYSTEMS CONSULTANCY LIMITED,9014232,BENFLEET,Active,United Kingdom,28/04/2014
(T)ART NORTH LIMITED,5792886,CHESHIRE,Active,United Kingdom,24/04/2006
(T.C.M) TRANSFORMERS & CABLE MANUFACTURERS LTD,8714429,STOKE ON TRENT,Active,United Kingdom,02/10/2013
(TWO) CAN DESIGN LIMITED,3874318,SUNDERLAND,Active,United Kingdom,10/11/1999
"(UK) BANRUO INDUSTRY CO., LTD",8947594,LONDON,Active,United Kingdom,19/03/2014
(UK) DIAMOND SECURITY LTD,8250543,BROMLEY,Active,United Kingdom,12/10/2012
(UK) HAIR AND BEAUTY SALONS LTD,9505246,PLYMOUTH,Active,United Kingdom,24/03/2015
(UK) HOWARD FINANCIAL LIMITED,8640589,PAIGNTON,Active,United Kingdom,06/08/2013
"(UK) ISTYLE INVESTMENT CONSULTANT MANAGEMENT CO., LTD",9323010,LONDON,Active,United Kingdom,21/11/2014
(UK) PRIVATE PROPERTY LIMITED,8738833,IPSWICH,Active,United Kingdom,18/10/2013
(UK) PRODUCTION LTD,6820890,LONDON,Active,United Kingdom,16/02/2009
(UK) THE STORES LIMITED,8321478,OLDBURY,Active,United Kingdom,06/12/2012
"(UK) YIHOO INTERNATIONAL CULTURE & MEDIA CO., LTD",9046788,LONDON,Active,United Kingdom,19/05/2014
(UN)COMMON MAN PRODUCTIONS LLC,FC024418,NEWARK,Active,UNITED STATES,26/05/2002
(WEST YORKSHIRE) VAN CRAFT LIMITED,6232070,WEST YORKSHIRE,Active,United Kingdom,30/04/2007
(WEST YORKSHIRE) VAN RENTAL LIMITED,1800771,CLECKHEATON,Active,United Kingdom,16/03/1984
(WORKSOP) WOODLAND COURT MANAGEMENT LIMITED,5516484,ROTHERHAM,Active,United Kingdom,22/07/2005
(X) EVENT DESIGN LIMITED,9360108,PINNER,Active,United Kingdom,18/12/2014
* LTD,5062633,LONDON,Active,United Kingdom,03/03/2004
* OLD HILL CONSERVATIVE CLUB LIMITED,IP17039R,,Active,United Kingdom,01/01/1981
*+ LTD,5153997,BRACKNELL,Active,United Kingdom,15/06/2004
+ 1 LIMITED,5289484,WATERLOOVILLE,Active,United Kingdom,17/11/2004
#NAME?,5857597,SUFFOLK,Active,United Kingdom,26/06/2006
+27 LTD,6592374,LONDON,Active - Proposal to Strike off,United Kingdom,14/05/2008
+33 REAL ESTATE LTD,6834192,LONDON,Active,United Kingdom,02/03/2009
+39 APARTMENTS LIMITED,6534134,BIGGLESWADE,Active,United Kingdom,13/03/2008
#NAME?,3203694,NORTH HARROW,Active,United Kingdom,24/05/1996
#NAME?,6772710,BARNSLEY,Active,United Kingdom,15/12/2008
#NAME?,5345268,BERKS,Active,United Kingdom,27/01/2005
",MIG CONTRACT SERVICES LTD",7887254,ISLEWORTH,Active,United Kingdom,20/12/2011
#NAME?,9410747,BIRMINGHAM,Active,United Kingdom,28/01/2015
#NAME?,8916895,LONDON,Active,United Kingdom,28/02/2014
#NAME?,8539420,LONDON,Active,United Kingdom,22/05/2013
#NAME?,9427889,LONDON,Active,United Kingdom,09/02/2015
#NAME?,5542106,CARDIFF,Active - Proposal to Strike off,United Kingdom,22/08/2005
#NAME?,9490689,WALLINGTON,Active,United Kingdom,14/03/2015
#NAME?,7898395,LONDON,Active,United Kingdom,05/01/2012
#NAME?,8892354,RETFORD,Active,United Kingdom,13/02/2014
. . . 24 HOUR . . SCREEN SAVER LIMITED,4927461,NUNEATON,Active,United Kingdom,09/10/2003
. . . A TROUBLE HALVED LIMITED,3771248,STRATFORD UPON AVON,Active,United Kingdom,17/05/1999
. . . BY CHAAT HOUSE LTD,5428049,SOUTHALL,Active,United Kingdom,18/04/2005
. A SPACE STATION PLC,1693618,SLOUGH,Active,United Kingdom,24/01/1983
. IT ROSEBERY LIMITED,8022611,LONDON,Active,United Kingdom,10/04/2012
. MOULSDALE  AND CO LIMITED,9350151,OTLEY,Active,United Kingdom,11/12/2014
.. 1ST MORTGAGE SOLUTIONS LTD,4196239,NORWICH,Liquidation,United Kingdom,06/04/2001
... IN FOR A £ LIMITED,3237285,COAL ROAD,ADMINISTRATION ORDER,United Kingdom,13/08/1996
........0.....0.....0.....0.....0.....0.....0.....0.....0.....0.....0..0..0..0..0..0..0..0..A.A.A.A.A.A.A.A.AAAAAAAA. MAXI-FLOW LIMITED,3997834,CHESTER,Active,United Kingdom,19/05/2000
......PROPERTY DIRECT NI LIMITED,NI029442,BANGOR,Active,United Kingdom,11/04/1995
.....1ST CALL LOCKSMITHS (EDINBURGH) LLP,SO300397,PENICUIK,Active,United Kingdom,22/06/2004
.....HIRE4 MEDWAY LIMITED,5246418,GILLINGHAM,Active,United Kingdom,30/09/2004
...1ST 4 ACCIDENT ADVICE LIMITED,4645249,WEST SUSSEX,Active,United Kingdom,23/01/2003
...ANSWERS BY DESIGN LIMITED,4425867,ELLAND,Active,United Kingdom,26/04/2002
...BY JAMES LTD.,SC370734,BLAIRGOWRIE,Active,United Kingdom,06/01/2010
...BYBLANCHE LIMITED,9164069,LONDON,Active,United Kingdom,06/08/2014
...IN MY POCKET LIMITED,8730283,MANCHESTER,Active,United Kingdom,14/10/2013
...THAT DRESS IS MINE! LIMITED,5463763,ESSEX,Active,United Kingdom,25/05/2005
.4 ENTERPRISES LIMITED,4732207,RUSHDEN,Active,United Kingdom,13/04/2003
.:OOMLOUT:. LIMITED,6902128,HALIFAX,Active,United Kingdom,11/05/2009
.A ROCKET LOCKSMITH LIMITED,5066650,BEDFORDSHIRE,Active,United Kingdom,08/03/2004
.A. PARK ROOFING LTD,3927100,BOLTON,Active,United Kingdom,16/02/2000
.A.G.H ELECTRICAL SERVICES LTD,4936092,MAIDSTONE,Active,United Kingdom,17/10/2003
.A.RING-A-TILL LIMITED,4981899,LEEDS,Active,United Kingdom,02/12/2003
.AA PARAMOUNT ROOFING LIMITED,4704445,RIVERSWAY PRESTON,Active,United Kingdom,19/03/2003
.BIG YELLOW SELF STORAGE (GP) LIMITED,4103205,BAGSHOT,Active,United Kingdom,07/11/2000
.BIG YELLOW SELF STORAGE COMPANY LIMITED,5166173,SURREY,Active,United Kingdom,30/06/2004
.BLANK GAMES LTD.,8954877,WAKEFIELD,Active,United Kingdom,24/03/2014
.CATRONA GRANT LTD,9510641,ST. NEOTS,Active,United Kingdom,26/03/2015
.CO LTD,8013348,LEEDS,Active,United Kingdom,30/03/2012
.COM CHROME LTD,7162523,SHEFFIELD,Liquidation,United Kingdom,18/02/2010
.COM MEDICOPHARM UK LIMITED,8312657,BEVERELEY,Active,United Kingdom,29/11/2012
.COM PROPERTIES LTD.,SC207149,LANARKSHIRE,Active,United Kingdom,16/05/2000
.COM STORAGE AND LOGISTICS LTD,SC394266,DUNDEE,Active,United Kingdom,25/02/2011
.CUY LIMITED,8549526,LONDON,Active,United Kingdom,30/05/2013
.DOTS INNOVATION LTD,8992859,HARROW,Active,United Kingdom,11/04/2014
.E.G. WIGMORE & SONS LIMITED,4488705,WOKINGHAM,Active,United Kingdom,17/07/2002
.EXE CONSULTANTS LIMITED,3657915,HARLOW,Active - Proposal to Strike off,United Kingdom,28/10/1998
.H.I.S. BEDROOMS LTD,5085708,BEDFORD,Active,United Kingdom,26/03/2004
.J A SPORTS LIMITED,5524468,LONDON,Liquidation,United Kingdom,01/08/2005
.M.A.W. SERVICES LTD,3006026,NORTHANTS,Active,United Kingdom,04/01/1995
.ME&CO LTD,7213446,BIRMINGHAM,Active,United Kingdom,06/04/2010
.N ARCHITECTURE AND DESIGN LIMITED,8237398,SOUTH SHIELDS,Active,United Kingdom,02/10/2012
.NET (ABZ) LIMITED,SC423014,BLACKBURN,Active - Proposal to Strike off,United Kingdom,30/04/2012
.NET HIGHLAND LTD,SC500562,INVERNESS,Active,United Kingdom,16/03/2015
.NET SPECIALISTS LIMITED,8021013,LONDON,Active - Proposal to Strike off,United Kingdom,05/04/2012
.NETDEV CONSULTING LIMITED,6469034,HOVE,Active,United Kingdom,10/01/2008
.O.C.E.A.N .U.K. DESIGN LIMITED,3274078,LONDON,Active,United Kingdom,05/11/1996
.O.O.O. 1ST AAB AERIALS LIMITED,3714749,GLOSSOP,Active,United Kingdom,17/02/1999
.PLUMBING BUILDING 44 MAINTENANCE LTD,8328807,STUDLEY,Active,United Kingdom,12/12/2012
.RADIANT ROOMS LIMITED,8784398,LONDON,Active,United Kingdom,20/11/2013
.RBD DIGITAL LIMITED,6342542,ORPINGTON,Active,United Kingdom,14/08/2007
.WHITE KNIGHT CARS LTD,5404147,LONDON,Active,United Kingdom,24/03/2005
.XL PLANT SERVICES LTD,7407851,PAIGNTON,Active,United Kingdom,14/10/2010
.XYZ CAD SERVICES LIMITED,7664034,COLCHESTER,Active,United Kingdom,09/06/2011
/A.R.I.A/ ARTIST RESIDENCY IN ALGIERS LIMITED,8086525,LONDON,Active,United Kingdom,29/05/2012
/DEV-M LIMITED,9198994,LONDON,Active,United Kingdom,02/09/2014
/DEV/OPS DIGITAL LIMITED,9110143,BRISTOL,Active,United Kingdom,01/07/2014
0 & 1 LTD,9436187,LIVERPOOL,Active,United Kingdom,12/02/2015
0 &/OR 1 = INFINITY LTD.,9089539,ANDOVER,Active,United Kingdom,17/06/2014
0 - 60 CLUB LTD,7167119,MANCHESTER,Active,United Kingdom,24/02/2010
0 ONE CLEANING SERVICES LTD,8742888,SWINDON,Active - Proposal to Strike off,United Kingdom,22/10/2013
0 POINT EIGHT LIMITED,9087824,BIRMINGHAM,Active,United Kingdom,16/06/2014
0 TIME COMPANY FORMATION LIMITED,9512143,LIVERPOOL,Active,United Kingdom,26/03/2015
0 TIME LONDON LTD,9356365,BIRMINGHAM,Active,United Kingdom,16/12/2014
"0'SULLIVAN INDUSTRIES, INC.",FC019109,MISSOURI,Active,UNITED STATES,01/02/1996
0-2-5 NURSERY LIMITED,8230302,STOCKPORT,Active,United Kingdom,26/09/2012
0-60 LIMITED,8563081,CRANLEIGH,Active,United Kingdom,10/06/2013
0-TWO MAINTENANCE LIMITED,4817966,LONDON,Active,United Kingdom,02/07/2003
0.01 DEGREES LTD,8382848,PETERBOROUGH,Active,United Kingdom,31/01/2013
0.7734 LTD.,9361579,LONDON,Active,United Kingdom,18/12/2014
00 ACCOUNTANCY LIMITED,9251553,LONDON,Active,United Kingdom,07/10/2014
00 LOCUMS LTD,9000598,RICKMANSWORTH,Active,United Kingdom,16/04/2014
00 MANAGEMENT LTD,8566853,PLYMOUTH,Active,United Kingdom,12/06/2013
00 MOTORSPORT LIMITED,8771616,BLACKBURN,Active,United Kingdom,12/11/2013
00 NIGEL LIMITED,8342313,BROMLEY,Active,United Kingdom,28/12/2012
00 STRENSON SOLAR LIMITED,7045224,HOVE,Active,United Kingdom,15/10/2009
00 SYSTEMS LTD,9322751,LONDON,Active,United Kingdom,21/11/2014
00'CONCIERGE LIMITED,8915984,LONDON,Active,United Kingdom,27/02/2014
00-60 CONSULTING LTD,6246961,MARTOCK,Active,United Kingdom,15/05/2007
000 LTD,7353381,CANTERBURY,Active,United Kingdom,23/08/2010
00001A 1ST 24 HOUR EMERGENCY PLUMBING LIMITED,2876617,LONDON,Liquidation,United Kingdom,30/11/1993
"0001 MD U.K. CO., LTD.",7721834,LONDON,Active,United Kingdom,28/07/2011
00031964 LIMITED,31964,COLCHESTER,Active - Proposal to Strike off,United Kingdom,10/07/1890
00032960 LIMITED,32960,SUNNY BAR,Active,United Kingdom,13/12/1890
00054971 LIMITED,54971,KNIGHTSBRIDGE,Liquidation,United Kingdom,26/11/1897
00059962 LIMITED,59962,LEEDS,Active,United Kingdom,17/12/1898
00062246 PLC,62246,CHERTSEY,Active,United Kingdom,24/05/1899
00064404 LTD,64404,19 CORNWALL STREET,Active - Proposal to Strike off,United Kingdom,05/12/1899
00065130 LIMITED,65130,LONDON,Active,United Kingdom,22/02/1900
00065957 LIMITED,65957,BGIRMINGHAM,Liquidation,United Kingdom,17/05/1900
00065986 PLC,65986,33 WELLINGTON STREET,Liquidation,United Kingdom,19/05/1900
00078228 LIMITED,78228,LONDON,Active,United Kingdom,01/08/1903
00085308 LIMITED,85308,PARSONAGE GARDENS,Liquidation,United Kingdom,19/07/1905
00087690 LIMITED,87690,LONDON,Active,United Kingdom,21/02/1906
00088438 LIMITED,88438,LONDON,Active,United Kingdom,18/04/1906
00090051 LIMITED,90051,"BUSINESS P, CAMBRIDGE",Liquidation,United Kingdom,04/09/1906
001 ALPHA CARS LIMITED,6948610,OXON,Active,United Kingdom,30/06/2009
001 FORMATION AGENT LTD,8347137,LONDON,Active,United Kingdom,04/01/2013
001 INSPIRATION LIMITED,6589669,BIRMINGHAM,Active,United Kingdom,12/05/2008
001 LTD,4143196,ST. ALBANS,Active,United Kingdom,18/01/2001
001 MOBILE SOLUTIONS LTD,6191664,MIDDLESEX,Active,United Kingdom,29/03/2007
001 TAXI LIMITED,9122628,AYLESBURY,Active,United Kingdom,09/07/2014
001 TAXIS (OXFORD) LIMITED,8080099,WITNEY,Active,United Kingdom,23/05/2012
001 TRANSLATION AGENCY UK LTD,7697332,BARNET,Active,United Kingdom,07/07/2011
0010 LIMITED,9000148,WALSALL,Active,United Kingdom,16/04/2014
0011 LIMITED,5062842,FROME,Active,United Kingdom,03/03/2004
00128058 LIMITED,128058,LONDON,Liquidation,United Kingdom,31/03/1913
00151549 LIMITED,151549,BIRMINGHAM,Active,United Kingdom,28/09/1918
00152305 LIMITED,152305,LONDON,Liquidation,United Kingdom,19/12/1918
00158345 LIMITED,158345,LONDON,Active,United Kingdom,29/08/1919
00160692 LIMITED,160692,CLEVELAND,Liquidation,United Kingdom,17/11/1919
00161900 LIMITED,161900,PARK SQUARE,Active,United Kingdom,20/12/1919
00163881 LIMITED,163881,,Active,United Kingdom,10/02/1920
00173670 LIMITED,173670,,Active,United Kingdom,12/03/1921
00182442 LIMITED,182442,HALE,In Administration,United Kingdom,13/06/1922
00197427 PLC,197427,17 MARBLE STREET,Active - Proposal to Strike off,United Kingdom,22/04/1924
00213635 PUBLIC LIMITED COMPANY,213635,,Liquidation,United Kingdom,05/05/1926
214711,214711,BIRMINGHAM,Active - Proposal to Strike off,United Kingdom,29/06/1926
00215235 LIMITED,215235,BRADFORD,Active,United Kingdom,23/07/1926
00226599 LIMITED,226599,RICKMANSWORTH,Active - Proposal to Strike off,United Kingdom,15/12/1927
00227617 LIMITED,227617,OLDHAM,Active,United Kingdom,26/01/1928
00233799 LIMITED,233799,,Active,United Kingdom,04/10/1928
00239274 LIMITED,239274,,Active - Proposal to Strike off,United Kingdom,04/05/1929
00244974 PLC,244974,,Liquidation,United Kingdom,09/01/1930
00249173 LIMITED,249173,MANCHESTER,Liquidation,United Kingdom,01/07/1930
00252132 LIMITED,252132,BIRMINGHAM,Liquidation,United Kingdom,20/11/1930
00256428 PUBLIC LIMITED COMPANY,256428,LONDON,Active - Proposal to Strike off,United Kingdom,14/05/1931
00257051 LIMITED,257051,BIRMINGHAM,Liquidation,United Kingdom,12/06/1931
261074,261074,WEST MIDLANDS,Active,United Kingdom,14/12/1931
00261689 LIMITED,261689,,Active,United Kingdom,06/01/1932
00261908 LIMITED,261908,SUNDERLAND,Active - Proposal to Strike off,United Kingdom,14/01/1932
00266859 LIMITED,266859,NOTTINGHAM,Liquidation,United Kingdom,09/07/1932
00266909 LIMITED,266909,,Active,United Kingdom,11/07/1932
00272859 LIMITED,272859,CROYDON,Active,United Kingdom,08/02/1933
00273640 LIMITED,273640,HENLEY ON THAMES,Liquidation,United Kingdom,06/03/1933
00283350 LIMITED,283350,CHESTERFIELD,Active,United Kingdom,04/01/1934
00291281 LIMITED,291281,EUSTON SQUARE,Liquidation,United Kingdom,16/08/1934
00299945 LIMITED,299945,LONDON,Active,United Kingdom,17/04/1935
003 LTD,7921093,HOUNSLOW,Active,United Kingdom,24/01/2012
00305345 LIMITED,305345,LANCASHIRE,Liquidation,United Kingdom,25/09/1935
00325270 PLC,325270,1 LITTLE NEW STREET,Liquidation,United Kingdom,11/03/1937
00333593 LIMITED,333593,LONDON,Liquidation,United Kingdom,12/11/1937
00339806 LIMITED,339806,LONDON,Active,United Kingdom,30/04/1938
00346821 LIMITED,346821,HAMPSHIRE,Active,United Kingdom,01/12/1938
00351652 LIMITED,351652,THEALE,Active,United Kingdom,06/04/1939
00353901 LIMITED,353901,BIRMINGHAM,Liquidation,United Kingdom,12/06/1939
00369467 LIMITED,369467,,Active,United Kingdom,18/09/1941
00384313 LIMITED,384313,CUMBERLAND,Active,United Kingdom,10/12/1943
0039 DESIGN LIMITED,8994331,LONDON,Active,United Kingdom,14/04/2014
00394496 LIMITED,394496,HAVANT,Active,United Kingdom,06/04/1945
00400692 LIMITED,400692,,Liquidation,United Kingdom,17/11/1945
00401102 LIMITED,401102,HANTS,Active,United Kingdom,27/11/1965
00424081 LIMITED,424081,LONDON,Liquidation,United Kingdom,21/11/1946
00425363 LIMITED,425363,NEWHAVEN,Active,United Kingdom,10/12/1946
0044 LIMITED,4793490,LEAMINGTON SPA,Active,United Kingdom,10/06/2003
00444111 LIMITED,444111,,Active,United Kingdom,23/10/1947
00451454 LIMITED,451454,LEEDS,Active,United Kingdom,25/03/1948
00459356 LIMITED,459356,MANCHESTER,Active,United Kingdom,30/09/1948
00462306 LIMITED,462306,CARDIFF,Active,United Kingdom,15/12/1948
00465462 LIMITED,465462,GUILDFORD SURREY,Active,United Kingdom,08/03/1949
476835,476835,WARWICKSHIRE,Liquidation,United Kingdom,04/01/1950
00488205 LIMITED,488205,,Liquidation,United Kingdom,11/11/1950
00493081 LIMITED,493081,ESSEX,Liquidation,United Kingdom,21/03/1951
00493722 LIMITED,493722,LONDON,Active - Proposal to Strike off,United Kingdom,03/04/1951
00496454 PLC,496454,,Active,United Kingdom,13/06/1951
00508493 LIMITED,508493,,Active - Proposal to Strike off,United Kingdom,03/06/1952
00518137 LIMITED,518137,LONDON,Active,United Kingdom,01/04/1953
00518653 LIMITED,518653,CARDIFF,Liquidation,United Kingdom,15/04/1953
00527065 LTD,527065,XXX,Active,United Kingdom,01/01/1901
00532190 LIMITED,532190,STOKE-ON-TRENT,Active,United Kingdom,15/04/1954
00542914 LIMITED,542914,GUILDFORD,Liquidation,United Kingdom,06/01/1955
00544258 LIMITED,544258,,Active,United Kingdom,05/02/1955
00545747 LIMITED,545747,BIRMINGHAM,Active,United Kingdom,11/03/1955
00553702 LIMITED,553702,,Active,United Kingdom,24/08/1955
00561663 LIMITED,561663,LONDON,Active,United Kingdom,21/02/1956
00569104 LIMITED,569104,IPSWICH,Liquidation,United Kingdom,18/07/1956
00573478 LIMITED,573478,NEWMARKET,Active - Proposal to Strike off,United Kingdom,26/10/1956
00576124 LIMITED,576124,SOUTHEND-ON-SEA,Liquidation,United Kingdom,24/12/1956
00576257 LIMITED,576257,,Liquidation,United Kingdom,27/12/1956
00580020 LIMITED,580020,BRENTFORD,Active,United Kingdom,15/03/1957
00581909 LIMITED,581909,NEWCASTLE UPON TYNE,Active,United Kingdom,08/04/1957
00612903 LIMITED,612903,LONDON,Active,United Kingdom,14/10/1958
00630255 LIMITED,630255,LONDON,Liquidation,United Kingdom,12/06/1959
00640302 LIMITED,640302,BANBURY,Active,United Kingdom,23/10/1959
00648121 LIMITED,648121,BUCKINGHAMSHIRE,Active,United Kingdom,28/01/1960
00648438 LIMITED,648438,BRADFORD,Active,United Kingdom,01/02/1960
00664027 LIMITED,664027,,Active,United Kingdom,01/07/1960
00675273 LIMITED,675273,WEST AUCKLAND,Active,United Kingdom,17/11/1960
00687015 LIMITED,687015,ACCRINGTON,Active,United Kingdom,20/03/1961
00688753 LIMITED,688753,LEICESTERSHIRE,Active,United Kingdom,04/04/1961
006900 LIMITED,4037767,GLASTONBURY,Active,United Kingdom,20/07/2000
007 CARS LIMITED,8390404,BANBURY,Active,United Kingdom,06/02/2013
007 CLEANING HEAVEN LTD,SC471111,HAMILTON,Active - Proposal to Strike off,United Kingdom,27/02/2014
007 COMMISSIONING SERVICES LIMITED,8966801,HAMPTON,Active,United Kingdom,31/03/2014
007 CONSULTING LTD,8749754,WESTON SUPER MARE,Active - Proposal to Strike off,United Kingdom,25/10/2013
007 CREATIONS LTD,8687509,SHEFFIELD,Active,United Kingdom,12/09/2013
007 ELECTRICAL LTD,8017478,BOURNEMOUTH,Active,United Kingdom,03/04/2012
007 HAIR DESIGN LIMITED,4582879,LANCASHIRE,Active,United Kingdom,06/11/2002
007 HOTELS LIMITED,6675651,RICKMANSWORTH,Active,United Kingdom,18/08/2008
007 K9 LICENCED TO SECURE LIMITED,8271164,SOUTH OCKENDON,Active,United Kingdom,29/10/2012
007 LIMITED,5350501,"WRAMPLINGHAM,",Active,United Kingdom,02/02/2005
007 LOCKSMITHS LTD,9473274,LONDON,Active,United Kingdom,05/03/2015
007 LOGISTICS LTD,7172842,LONDON,Active,United Kingdom,01/03/2010
007 MAGAZINE & ARCHIVE LIMITED,4621729,NEW ROMNEY,Active,United Kingdom,19/12/2002
007 MAINTENANCE SERVICES LTD,8686026,MANCHESTER,Active,United Kingdom,11/09/2013
007 PARTNERSHIP LIMITED,8902156,LONDON,Active,United Kingdom,19/02/2014
007 PEST CONTROL LTD,6717508,MALDON,Active,United Kingdom,07/10/2008
007 PRINT LIMITED,9287373,ST ALBANS,Active,United Kingdom,30/10/2014
007 SECURITY LIMITED,8548191,CROYDON,Active,United Kingdom,29/05/2013
007 TAKEAWAY LIMITED,8697074,ROTHERHAM,Active,United Kingdom,19/09/2013
007 TRADING LTD,8752291,LONDON,Active - Proposal to Strike off,United Kingdom,29/10/2013
00701364 LIMITED,701364,,Liquidation,United Kingdom,22/08/1961
00722485 LIMITED,722485,LEEDS,Liquidation,United Kingdom,27/04/1962
00733662 LIMITED,733662,SUFFOLK,Liquidation,United Kingdom,28/08/1962
00739677 LIMITED,739677,,Active,United Kingdom,01/11/1962
00764899 LIMITED,764899,SOUTHAMPTON,Active - Proposal to Strike off,United Kingdom,20/06/1963
00781272 LIMITED,781272,WIRRAL,Active - Proposal to Strike off,United Kingdom,18/11/1963
00799154 LIMITED,799154,LONDON,Active,United Kingdom,02/04/1964
008 IMPORTS LIMITED,8239711,BURY,Active,United Kingdom,04/10/2012
00803368 LIMITED,803368,33 WELLINGTON STREET,Liquidation,United Kingdom,30/04/1964
00821606 LIMITED,821606,WALSALL,Active,United Kingdom,01/10/1964
00831738 LTD,831738,YORKS,Active,United Kingdom,18/12/1964
00838117 LIMITED,838117,XXXXXXX,Active,United Kingdom,18/02/1965
00841101 LIMITED,841101,QUEEN ANNES BATTERY,Liquidation,United Kingdom,15/03/1965
00847277 LIMITED,847277,MANCHESTER,Liquidation,United Kingdom,30/04/1965
00885744 LIMITED,885744,BIRMINGHAM,Liquidation,United Kingdom,16/08/1966
009 DESIGN AND BUILD LTD,9239360,LONDON,Active,United Kingdom,29/09/2014
00914748 LIMITED,914748,LONDON,Active,United Kingdom,05/09/1967
00924669 LIMITED,924669,NEVILLE STREET LEEDS,Active,United Kingdom,15/12/1967
00937889 LIMITED,937889,SHROPSHIRE,Active,United Kingdom,27/08/1968
00938719 LIMITED,938719,BRADFORD,Active,United Kingdom,12/09/1968
00945196 LIMITED,945196,WATFORD,Liquidation,United Kingdom,02/01/1969
00962752 LIMITED,962752,MANCHESTER,Liquidation,United Kingdom,25/09/1969
00975300 LIMITED,975300,CHANDLERS FORD EASTLEIGH,Liquidation,United Kingdom,23/03/1970
00E53 LIMITED,SC433894,PAISLEY,Active,United Kingdom,02/10/2012
00E55 LIMITED,4942164,ROMFORD,Active,United Kingdom,23/10/2003
00ZZZERO LTD,9251203,MAIDSTONE,Active,United Kingdom,07/10/2014
01 ACCOUNTING SERVICES LTD,8936412,LONDON,Active,United Kingdom,12/03/2014
01 ADANA LIMITED,9223945,LONDON,Active,United Kingdom,18/09/2014
01 ART SERVICES LTD.,2689059,LOUGHTON,Active,United Kingdom,19/02/1992
01 DESIGN & BUILD LTD,6955795,BRIGHTON,Active,United Kingdom,08/07/2009
01 DEVELOPMENT LIMITED,6042438,ESSEX,Active,United Kingdom,05/01/2007
01 DIGITAL CONSULTING LIMITED,8331243,HAYWARDS HEATH,Active,United Kingdom,14/12/2012
01 DIGITAL LIMITED,5857258,DURHAM,Active,United Kingdom,26/06/2006
01 DIGITAL SOLUTIONS LIMITED,4458293,CLEVELAND,Active,United Kingdom,11/06/2002
01 ECHO LIMITED,7729222,LONDON,Active,United Kingdom,04/08/2011
01 EXPRESS LTD,9499701,WASHINGTON,Active,United Kingdom,19/03/2015
01 FILMS LTD,7075357,FOREST ROW,Active,United Kingdom,13/11/2009
01 FIRE ENGINEERING LIMITED,8269072,BLACKBURN,Active,United Kingdom,25/10/2012
01 HOSTELS LIMITED,8266648,BRIGHTON,Active,United Kingdom,24/10/2012
01 LETTINGS LIMITED,9058170,BOURNEMOUTH,Active,United Kingdom,27/05/2014
01 LIMITED,5679122,BOURNEMOUTH,Active,United Kingdom,18/01/2006
01 PROPERTY GROUP LTD,2586908,BRIGHTON,Active,United Kingdom,28/02/1991
01 PROPERTY INVESTMENT LTD,6291865,BRIGHTON,Active,United Kingdom,25/06/2007
01 PROPERTY LETTING (BRIGHTON) LTD,6289251,BRIGHTON,Active,United Kingdom,21/06/2007
01 PROPERTY LETTING LIMITED,8681013,LONDON,Active,United Kingdom,09/09/2013
01 PROPERTY SALES (BRIGHTON) LTD,6545103,BRIGHTON,Active,United Kingdom,26/03/2008
01 PROPERTY SALES LIMITED,8681027,LONDON,Active,United Kingdom,09/09/2013
01 PROPERTY SERVICES LTD,6289245,BRIGHTON,Active,United Kingdom,21/06/2007
01 TELECOM (CORPORATE) LTD,7858998,BRIGHTON,Active - Proposal to Strike off,United Kingdom,24/11/2011
01 TELECOM (LONDON) LTD,7766334,BRIGHTON,Active,United Kingdom,07/09/2011
01 TELECOM LTD,6862204,BRIGHTON,Active,United Kingdom,28/03/2009
01 TRANSPORT LIMITED,SC501262,EDINBURGH,Active,United Kingdom,23/03/2015
01-110,SC455425,GLASGOW,Active,United Kingdom,26/07/2013
01.02 LIMITED,4548746,STROUD,Active,United Kingdom,30/09/2002
010 LIMITED,5046984,FROME,Active,United Kingdom,17/02/2004
01000654 LIMITED,1000654,MALMESBURY,Active,United Kingdom,25/01/1971
01001000 LTD,9383627,LEIGH-ON-SEA,Active,United Kingdom,12/01/2015
01005351 LIMITED,1005351,LONDON,Liquidation,United Kingdom,19/03/1971
0101 LTD,8042532,SLOUGH,Active,United Kingdom,24/04/2012
01010101 LIMITED,9367067,WILMSLOW,Active,United Kingdom,24/12/2014
01016094 LIMITED,1016094,NEWCASTLE UPON TYNE,Active,United Kingdom,29/06/1971
0102 CUMBRIA LIMITED,7915098,BARROW-IN-FURNESS,Active,United Kingdom,18/01/2012
01033144 LIMITED,1033144,HEYBRIDGE,Liquidation,United Kingdom,01/12/1971
010414 UK LIMITED,8938584,PORTSMOUTH,Active,United Kingdom,13/03/2014
01056044 LIMITED,1056044,PONTEFRACT,Active,United Kingdom,26/05/1972
01071506 LIMITED,1071506,BATLEY,Active,United Kingdom,12/09/1972
01099950 LIMITED,1099950,,Liquidation,United Kingdom,05/03/1973
011 PRODUCTIONS LIMITED,6483453,CHATTERIS,Active,United Kingdom,24/01/2008
011010 LIMITED,5619102,HEREFORD,Active,United Kingdom,10/11/2005
01102881 LTD,1102881,IVYBRIDGE,In Administration/Administrative Receiver,United Kingdom,21/03/1973
01111064 LIMITED,1111064,REDDITCH,Active,United Kingdom,01/05/1973
01119794 LIMITED,1119794,WATFORD,Liquidation,United Kingdom,25/06/1973
01123491 LIMITED,1123491,PRESCOT,Active,United Kingdom,18/07/1973
011235 LTD,9197745,DONCASTER,Active,United Kingdom,01/09/2014
011235813 LTD,8768467,IPSWICH,Active,United Kingdom,08/11/2013
01126125 LIMITED,1126125,LOWER MOSLEY STREET,Active - Proposal to Strike off,United Kingdom,02/08/1973
01160558 LIMITED,1160558,LONDON,Active,United Kingdom,18/02/1974
01168955 LIMITED,1168955,LEEDS,Active - Proposal to Strike off,United Kingdom,03/05/1974
01174045 LIMITED,1174045,110 ALBION STREET,Active,United Kingdom,14/06/1974
01175685 LIMITED,1175685,LEEDS,Active,United Kingdom,28/06/1974
01194903 LIMITED,1194903,LONDON,Active,United Kingdom,24/12/1974
011SECURITY DEVELOPMENT & DISTRIBUTION LIMITED,8823699,LONDON,Active,United Kingdom,20/12/2013
012 LONDON LTD,8346096,CROYDON,Active,United Kingdom,03/01/2013
01216958 DC LIMITED,1216958,BEDFORDSHIRE,Active - Proposal to Strike off,United Kingdom,23/06/1975
01219603 LIMITED,1219603,19 CORNWALL STREET,Active,United Kingdom,17/07/1975
01220033 LIMITED,1220033,LONDON,Active,United Kingdom,21/07/1975
0123 IMEI LTD,9449148,CAMBRIDGE,Active,United Kingdom,19/02/2015
01231389 LIMITED,1231389,28 PARK PLACE,Liquidation,United Kingdom,28/10/1975
01234922 LIMITED,1234922,LONDON,Liquidation,United Kingdom,24/11/1975
01266739 LIMITED,1266739,PONTYPRIDD,Active,United Kingdom,02/07/1976
01273188 LIMITED,1273188,LONDON,Liquidation,United Kingdom,13/08/1976
01274.NET LIMITED,6228592,HOVE,Active,United Kingdom,26/04/2007
01297308 LIMITED,1297308,MANCHESTER,Active,United Kingdom,07/02/1977
0131 DEVELOPMENTS LIMITED,SC322257,EDINBURGH,Active,United Kingdom,26/04/2007
01347975 LIMITED,1347975,PLASMARL INDUSTRIAL ESTATE,Liquidation,United Kingdom,13/01/1978
01363682 LIMITED,1363682,BRADFORD,Active,United Kingdom,19/04/1978
01416222 LIMITED,1416222,LANCASHIRE,Active,United Kingdom,21/02/1979
01439213 LIMITED,1439213,LONDON,Liquidation,United Kingdom,23/07/1979
01442MAINTENANCE LIMITED,8489103,BOURNE END,Active,United Kingdom,15/04/2013
01464712 LIMITED,1464712,NEWCASTLE UPON TYNE,Active,United Kingdom,04/12/1979
01471228 LIMITED,1471228,READING,Active,United Kingdom,04/01/1980
01475653 LIMITED,1475653,WORCESTER,Active,United Kingdom,28/01/1980
01490913 LIMITED,1490913,NOTTS,Active,United Kingdom,15/04/1980
0151 ENTERTAINMENTS LIMITED,7031636,LIVERPOOL,Active,United Kingdom,28/09/2009
0151 HEATING AND PLUMBING LIMITED,7614766,LIVERPOOL,Active,United Kingdom,26/04/2011
0151ONLINE LTD,8682001,WIRRAL,Active,United Kingdom,09/09/2013
01585284 LIMITED,1585284,REDDITCH,Active,United Kingdom,10/09/1981
01592097 LIMITED,1592097,WOLVERHAMPTON,Liquidation,United Kingdom,19/10/1981
016 LTD.,8567248,LONDON,Active,United Kingdom,12/06/2013
0161 LETTINGS AND MANAGEMENT LIMITED,6723968,OLDHAM,Active,United Kingdom,15/10/2008
0161 LETTINGS LIMITED,6209882,MANCHESTER,Liquidation,United Kingdom,12/04/2007
0161 MEDIA LTD,8483502,MANCHESTER,Active,United Kingdom,11/04/2013
0161 TRADE SIGNS LTD,8276723,MANCHESTER,Active - Proposal to Strike off,United Kingdom,01/11/2012
0161-MANC LIMITED,3865815,STAFFORDSHIRE,Active,United Kingdom,26/10/1999
01611433 LIMITED,1611433,VANWALL ROAD MAIDENHEAD,Active,United Kingdom,04/02/1982
01630028 LIMITED,1630028,MANCHESTER,Liquidation,United Kingdom,20/04/1982
01660926 LIMITED,1660926,STOCKPORT,Liquidation,United Kingdom,31/08/1982
01670334 LIMITED,1670334,SWADLINCOTE,Active,United Kingdom,07/10/1982
01679183 LIMITED,1679183,BESSBOROUGH ROAD,Active,United Kingdom,17/11/1982
01690631 LIMITED,1690631,,Liquidation,United Kingdom,12/01/1983
01699641 LIMITED,1699641,ESSEX,Liquidation,United Kingdom,15/02/1983
01706695 LIMITED,1706695,LLANHARAN,Active,United Kingdom,15/03/1983
01737937 LIMITED,1737937,LONDON,Active,United Kingdom,08/07/1983
01748346 LIMITED,1748346,NG1  3FG,Active,United Kingdom,26/08/1983
01810247 PLC,1810247,MANCHESTER,Active,United Kingdom,19/04/1984
01815328 LIMITED,1815328,LEEDS,Active,United Kingdom,11/05/1984
01848714 LIMITED,1848714,SUNDERLAND,Active,United Kingdom,17/09/1984
01890742 LIMITED,1890742,LONDON,Active,United Kingdom,28/02/1985
01908502 LIMITED,1908502,PRIORY STREET,Active,United Kingdom,25/04/1985
01911766 LIMITED,1911766,LONDON,Active,United Kingdom,08/05/1985
01DIRECT LTD,8294893,LONDON,Active,United Kingdom,15/11/2012
01DNA LTD,9009607,BERKHAMSTED,Active,United Kingdom,24/04/2014
01SOLUTION LTD,9076447,LONDON,Active,United Kingdom,09/06/2014
02 BESNI LIMITED,9154495,CHARD,Active,United Kingdom,30/07/2014
02 CLEAN LTD,9450114,WASHINGTON,Active,United Kingdom,20/02/2015
02 CONTRACTS (ASBESTOS) LTD,8146552,ESSEX,Active - Proposal to Strike off,United Kingdom,17/07/2012
02 ENVIRONMENTAL SURVEYS LTD,9001215,BILLERICAY,Active,United Kingdom,17/04/2014
02 HEALTH LTD,9471088,DORKING,Active,United Kingdom,04/03/2015
02 MEDICAL LIMITED,4575460,THATCHAM,Active,United Kingdom,29/10/2002
02 WATER SOLUTIONS LIMITED,9227036,ASHBY DE LA ZOUCH,Active,United Kingdom,19/09/2014
020 LIMITED,4078492,TWICKENHAM,Active,United Kingdom,26/09/2000
02004846 LIMITED,2004846,MANCHESTER,Active,United Kingdom,27/03/1986
02041991 LIMITED,2041991,MANCHESTER,Active,United Kingdom,30/07/1986
02047070 LIMITED,2047070,NOTTINGHAM,Liquidation,United Kingdom,15/08/1986
02050550 LIMITED,2050550,WIRRAL,Active,United Kingdom,28/08/1986
02075572 LIMITED,2075572,,Active,United Kingdom,19/11/1986
0208-203-4000 (TM) LTD,9312409,LONDON,Active,United Kingdom,14/11/2014
02092894 LIMITED,2092894,BEDFORDSHIRE,Liquidation,United Kingdom,23/01/1987
02099602 LIMITED,2099602,WIGAN,Active - Proposal to Strike off,United Kingdom,13/02/1987
020PROPERTYSERVICES LIMITED,6269033,LONDON,Liquidation,United Kingdom,05/06/2007
021 CREATIVE LIMITED,6877147,YORK,Active,United Kingdom,14/04/2009
021 GROUP LIMITED,909453,KINGS HEATH,Liquidation,United Kingdom,28/06/1967
021 NETWORK LIMITED,4161880,KINWARTON,Active,United Kingdom,16/02/2001
021 SIGNS & COMPONENTS LIMITED,1427870,"SOUTH RUISLIP,",Active,United Kingdom,11/06/1979
0210 UK LTD,9238548,WINDSOR,Active,United Kingdom,29/09/2014
02101564 LIMITED,2101564,33 WELLINGTON STREET LEEDS,Liquidation,United Kingdom,19/02/1987
02136022 LIMITED,2136022,SHEFFIELD,Active,United Kingdom,01/06/1987
02136671 LIMITED,2136671,WEST MIDLANDS,Active,United Kingdom,02/06/1987
02159319 LIMITED,2159319,MARLOW,Liquidation,United Kingdom,28/08/1987
02161177 LIMITED,2161177,BRISTOL,Active,United Kingdom,04/09/1987
02184016 LIMITED,2184016,HERTFORD HERTS,Active,United Kingdom,27/10/1987
021929 LIMITED,8808160,LONDON,Active,United Kingdom,10/12/2013
02196916 LIMITED,2196916,TWICKENHAM,Active - Proposal to Strike off,United Kingdom,20/11/1987
02202329 LIMITED,2202329,MANCHESTER,Active,United Kingdom,03/12/1987
02215065 LIMITED,2215065,LONDON,Active,United Kingdom,28/01/1988
02248911 LIMITED,2248911,SCHOOL GARDENS CASTLE GATES,Liquidation,United Kingdom,27/04/1988
02295620 PLC,2295620,TEMPLE ROW,Liquidation,United Kingdom,13/09/1988
02311552 LIMITED,2311552,SURREY,Live but Receiver Manager on at least one charge,United Kingdom,01/11/1988
02355749 LIMITED,2355749,SLOUGH,Liquidation,United Kingdom,06/03/1989
02357056 LIMITED,2357056,SPEKE LIVERPOOL,Active - Proposal to Strike off,United Kingdom,08/03/1989
02457584 LIMITED,2457584,ROCHDALE,Active,United Kingdom,09/01/1990
02462475 LIMITED,2462475,NEWCASTLE UPON TYNE,Active,United Kingdom,23/01/1990
02477675 LIMITED,2477675,SOUTHAMPTON,Active,United Kingdom,06/03/1990
0250 LIMITED,3963530,WARMINSTER,Active,United Kingdom,03/04/2000
02511554 LIMITED,2511554,BISHOPSSTORTFORD,Active - Proposal to Strike off,United Kingdom,07/06/1990
0260 CARS LTD,7594425,CROWBOROUGH,Active,United Kingdom,06/04/2011
0260 LTD,8226095,TETBURY,Active,United Kingdom,24/09/2012
02610871 LIMITED,2610871,BISHOPSGATE,Active,United Kingdom,15/05/1991
2687567,2687567,HULL,Liquidation,United Kingdom,14/02/1992
02722425 LIMITED,2722425,BIRMINGHAM,Active,United Kingdom,12/06/1992
02733481 LIMITED,2733481,BRIGHTON,Liquidation,United Kingdom,16/07/1992
02737677 LIMITED,2737677,LONDON,Active,United Kingdom,05/08/1992
02749300 LIMITED,2749300,MANCHESTER,Liquidation,United Kingdom,22/09/1992
027LAB LTD,SC461603,EDINBURGH,Active,United Kingdom,15/10/2013
02938984 LIMITED,2938984,LONDON,Liquidation,United Kingdom,09/06/1994
02943850 LIMITED,2943850,SOUTH AMPTON,Active,United Kingdom,29/06/1994
02959484 LIMITED,2959484,MID GLAMORGAN,Active,United Kingdom,17/08/1994
02989210 LIMITED,2989210,LYTHAM ST ANNES,Liquidation,United Kingdom,11/11/1994
02995468 LIMITED,2995468,LONDON,Active,United Kingdom,28/11/1994
03 INTERIORS LIMITED,4638000,BERKSHIRE,Active,United Kingdom,15/01/2003
03 ONLINE LIMITED,7586723,SLOUGH,Active - Proposal to Strike off,United Kingdom,31/03/2011
03 TEAM LIMITED,3596351,HOVE,Active,United Kingdom,10/07/1998
0303 LLP,OC382260,BURNLEY,Active,United Kingdom,07/02/2013
03086966 LIMITED,3086966,LIVERPOOL,Liquidation,United Kingdom,03/08/1995
03096287 LIMITED,3096287,NORTH FINCHLEY,Active,United Kingdom,23/08/1995
03171953 LIMITED,3171953,BUSHEY,Liquidation,United Kingdom,13/03/1996
032 DESIGN CONSULTANTS LIMITED,7247717,IPSWICH,Active,United Kingdom,10/05/2010
032 DESIGN LIMITED,4172945,LEICESTERSHIRE,Active,United Kingdom,06/03/2001
03241643 LIMITED,3241643,BERKSHIRE,Active,United Kingdom,23/08/1996
03242022 LIMITED,3242022,31 WELLINGTON STREET,Active,United Kingdom,27/08/1996
03286113 LIMITED,3286113,MANCHESTER,Liquidation,United Kingdom,02/12/1996
03340066 LIMITED,3340066,TOWCESTER,Active,United Kingdom,25/03/1997
3405697,3405697,LONDON,Liquidation,United Kingdom,18/07/1997
03446447 LIMITED,3446447,POTTERS BAR,Active - Proposal to Strike off,United Kingdom,08/10/1997
03451233 LTD,3451233,LYTHAM ST. ANNES,Liquidation,United Kingdom,17/10/1997
03481398 LTD,3481398,LEEDS,Liquidation,United Kingdom,16/12/1997
03492429 LIMITED,3492429,NORTHAMPTON,Active,United Kingdom,14/01/1998
03606879 LTD,3606879,IPSWICH,Liquidation,United Kingdom,30/07/1998
03644534 LIMITED,3644534,SUNDERLAND,Active,United Kingdom,06/10/1998
03697164 LIMITED,3697164,,Liquidation,United Kingdom,19/01/1999
03708185 LIMITED,3708185,CATERHAM,Active,United Kingdom,04/02/1999
03717770 LIMITED,3717770,55-61 VICTORIA STREET,Liquidation,United Kingdom,23/02/1999
03773083 LTD.,3773083,BIRMINGHAM,Liquidation,United Kingdom,19/05/1999
03792693 LIMITED,3792693,MANCHESTER,Active,United Kingdom,21/06/1999
03804007 LIMITED,3804007,BRIDGEND,Active,United Kingdom,09/07/1999
03804062 LIMITED,3804062,WARWICK,Active - Proposal to Strike off,United Kingdom,09/07/1999
03809560 LIMITED,3809560,,Active,United Kingdom,19/07/1999
03898155 LIMITED,3898155,LONDON,Active,United Kingdom,22/12/1999
03907459 LIMITED,3907459,HOLMFIRTH,Active - Proposal to Strike off,United Kingdom,17/01/2000
03909664 LIMITED,3909664,WALTON-ON-THAMES,Active,United Kingdom,19/01/2000
03918424 LIMITED,3918424,BURY,Active - Proposal to Strike off,United Kingdom,03/02/2000
03928776 LIMITED,3928776,BIRMINGHAM,Active,United Kingdom,18/02/2000
03977079 LIMITED,3977079,WARWICK,Liquidation,United Kingdom,19/04/2000
03980225 LIMITED,3980225,TRURO,Active,United Kingdom,26/04/2000
04 BRAS LIMITED,5207457,HITCHIN,Active,United Kingdom,17/08/2004
04 FACILITIES MANAGEMENT LIMITED,8785803,SHEFFIELD,Active,United Kingdom,21/11/2013
0400PM LIMITED,7400564,LONDON,Active,United Kingdom,08/10/2010
04018253 LIMITED,4018253,CARDIFF,Liquidation,United Kingdom,15/06/2000
0401PM LIMITED,8618674,WALTON ON THAMES,Active,United Kingdom,22/07/2013
0404 INVESTMENTS LIMITED,5106531,READ,Active,United Kingdom,20/04/2004
04040551 LIMITED,4040551,14 KING STREET LEEDS,Liquidation,United Kingdom,25/07/2000
04068016 PLC,4068016,LONDON,In Administration/Administrative Receiver,United Kingdom,08/09/2000
04111627 LIMITED,4111627,MIDDLESBROUGH,Active,United Kingdom,21/11/2000
04131916 LIMITED,4131916,LONDON,Liquidation,United Kingdom,21/12/2000
04147209 LTD,4147209,NOTTINGHAM,Active,United Kingdom,24/01/2001
04161760 LIMITED,4161760,LEEDS,Active,United Kingdom,16/02/2001
04183652 LIMITED,4183652,128-136 HIGH STREET EDGWARE,Active,United Kingdom,21/03/2001
04194515 LIMITED,4194515,LONDON,Liquidation,United Kingdom,04/04/2001
04196841 LIMITED,4196841,LONDON,Liquidation,United Kingdom,09/04/2001
04245760 LIMITED,4245760,LONDON,Liquidation,United Kingdom,04/07/2001
04257980 LIMITED,4257980,LONDON,Liquidation,United Kingdom,24/07/2001
04261256 LIMITED,4261256,BIRMINGHAM,Liquidation,United Kingdom,30/07/2001
042RESTAURANTANDBAR LTD,8819247,LONDON,Active,United Kingdom,18/12/2013
04313923 LIMITED,4313923,GRIMSBY,Liquidation,United Kingdom,31/10/2001
04318344 LIMITED,4318344,,Active - Proposal to Strike off,United Kingdom,07/11/2001
04320116 LIMITED,4320116,NORTHAMPTON,Active,United Kingdom,09/11/2001
04332705 LIMITED,4332705,READING,Active,United Kingdom,03/12/2001
04346284 LIMITED,4346284,LINCOLNSHIRE,Active - Proposal to Strike off,United Kingdom,02/01/2002
04349733 LIMITED,4349733,BIRMINGHAM,Active,United Kingdom,09/01/2002
04375165 LIMITED,4375165,BATH,Active,United Kingdom,15/02/2002
04380875 LIMITED,4380875,ST. ALBANS,Liquidation,United Kingdom,25/02/2002
04387654 LIMITED,4387654,EXETER,Liquidation,United Kingdom,05/03/2002
04394450 LIMITED,4394450,SWANSEA,Active,United Kingdom,14/03/2002
04404284 LIMITED,4404284,WIGAN,Active - Proposal to Strike off,United Kingdom,26/03/2002
04405458 LIMITED,4405458,SHEFFIELD,Liquidation,United Kingdom,27/03/2002
04463064 LIMITED,4463064,DURHAM CITY,Active - Proposal to Strike off,United Kingdom,18/06/2002
04475973 LIMITED,4475973,LONDON,Liquidation,United Kingdom,03/07/2002
04487961 LIMITED,4487961,LONDON,Liquidation,United Kingdom,17/07/2002
04495554 LIMITED,4495554,LONDON,Liquidation,United Kingdom,25/07/2002
045 LTD,9074759,LONDON,Active,United Kingdom,06/06/2014
04527102 LIMITED,4527102,SURREY,Active,United Kingdom,05/09/2002
04589597 LIMITED,4589597,CHESTERFIELD,Liquidation,United Kingdom,13/11/2002
046 VENTURES LIMITED,9116686,CHIPPENHAM,Active,United Kingdom,04/07/2014
04605382 LIMITED,4605382,BRISTOL,Active,United Kingdom,02/12/2002
04640234 LIMITED,4640234,WATER LANE,Active - Proposal to Strike off,United Kingdom,17/01/2003
04649296 LIMITED,4649296,MILTON KEYNES,Liquidation,United Kingdom,28/01/2003
04665819 LIMITED,4665819,NOTTINGHAM,Active - Proposal to Strike off,United Kingdom,13/02/2003
04692160 LIMITED,4692160,WEST MIDLANDS,Active,United Kingdom,10/03/2003
04718090 LIMITED,4718090,UPMINSTER,Liquidation,United Kingdom,01/04/2003
04760860 LIMITED,4760860,LONDON,Active,United Kingdom,12/05/2003
04777534 LIMITED,4777534,MERSEYSIDE,Active,United Kingdom,27/05/2003
04804367 LIMITED,4804367,RUSHTON,Liquidation,United Kingdom,19/06/2003
04826377 LIMITED,4826377,LONDON,Active - Proposal to Strike off,United Kingdom,09/07/2003
0484 LIMITED,SC438061,GLASGOW,Active,United Kingdom,03/12/2012
04858948 LTD,4858948,GARDENS MANCHESTER,Liquidation,United Kingdom,07/08/2003
04864102 LIMITED,4864102,DEVON,Liquidation,United Kingdom,12/08/2003
04986286 LIMITED,4986286,,Live but Receiver Manager on at least one charge,United Kingdom,05/12/2003
04988448 LIMITED,4988448,SLOUGH,Liquidation,United Kingdom,08/12/2003
04FS LIMITED,6316053,SUTTON COLDFIELD,Active,United Kingdom,18/07/2007
04S SOLUTIONS LIMITED,7128664,SOLHULL,Active,United Kingdom,18/01/2010
05 BOUTIQUE LIMITED,8732548,HOVE,Active,United Kingdom,15/10/2013
05 BUILDING SERVICES LIMITED,6376279,,Liquidation,United Kingdom,19/09/2007
05 DIRECT MAIL LIMITED,5816438,STOCKPORT,Active,United Kingdom,15/05/2006
05 ENERGY ADVISORS LIMITED,5406089,HENLEY-ON-THAMES,Active,United Kingdom,29/03/2005
05 EXCLUSIVES LIMITED,9403514,HOVE,Active,United Kingdom,23/01/2015
05 INVESTMENT LIMITED,8360928,LONDON,Active - Proposal to Strike off,United Kingdom,15/01/2013
05022015 LIMITED,9425228,BRISTOL,Active,United Kingdom,05/02/2015
05024407 LIMITED,5024407,DERBY,Liquidation,United Kingdom,23/01/2004
05028035 LIMITED,5028035,LONDON,Active,United Kingdom,28/01/2004
05036453 LTD,5036453,MANCHESTER,Liquidation,United Kingdom,06/02/2004
05070641 LIMITED,5070641,SOUTHAMPTON,Liquidation,United Kingdom,11/03/2004
05073555 LIMITED,5073555,RUSHTON,Liquidation,United Kingdom,15/03/2004
05081722 LIMITED,5081722,CLECKHEATON,Liquidation,United Kingdom,23/03/2004
05082374 LIMITED,5082374,ST. ANNES ON SEA,Active - Proposal to Strike off,United Kingdom,24/03/2004
051 COMMUNICATIONS LIMITED,4554271,LIVERPOOL,Active,United Kingdom,04/10/2002
051 DEVELOPMENTS LIMITED,7639168,PRESCOT,Active,United Kingdom,18/05/2011
051 HAIRDRESSING LIMITED,2679392,MERSEYSIDE,Active,United Kingdom,21/01/1992
051 INVESTMENTS LIMITED,7540704,LIVERPOOL,Active,United Kingdom,23/02/2011
05107560 LIMITED,5107560,BLACKBURN,Active,United Kingdom,21/04/2004
05134924 LTD,5134924,LONDON,Liquidation,United Kingdom,21/05/2004
05156627 LTD,5156627,MANCHESTER,Active - Proposal to Strike off,United Kingdom,17/06/2004
05159398 LIMITED,5159398,MANCHESTER,Active,United Kingdom,22/06/2004
05161393 LIMITED,5161393,MANCHESTER,Active,United Kingdom,23/06/2004
05179470 LIMITED,5179470,LONDON,Liquidation,United Kingdom,14/07/2004
05195050 LIMITED,5195050,STOCKPORT,Active,United Kingdom,02/08/2004
05245559 LIMITED,5245559,LONDON,Liquidation,United Kingdom,29/09/2004
05319870 LIMITED,5319870,LOUDWATER,Active,United Kingdom,22/12/2004
05350699 LIMITED,5350699,NOTTINGHAM,Active,United Kingdom,02/02/2005
05378764 LIMITED,5378764,BOLTON,Liquidation,United Kingdom,01/03/2005
